,attending_count,can_guests_invite,category,guest_list_enabled,interested_count,maybe_count,noreply_count,id
0,160,True,food,True,7210,7210,242,12345678
1,24,True,food,True,717,717,1,12345679
2,1128,True,food,True,14075,14075,1365,12345680
3,1851,True,food,True,25433,25433,4061,12345681
4,29445,True,food,True,79886,79886,6663,12345682
5,2980,True,food,True,22696,22696,6118,12345683
6,373,True,food,True,3674,3674,315,12345684
7,682,True,food,True,12043,12043,606,12345685
8,261,True,food,True,2689,2689,468,12345686
9,1619,True,food,True,19201,19201,753,12345687
10,10,True,food,True,7585,7585,218,12345688
11,317,True,food,True,65239,65239,1100,12345689
12,772,True,food,True,5850,5850,680,12345690
13,238,True,food,True,6078,6078,502,12345691
14,145,True,food,True,1975,1975,190,12345692
15,3423,True,food,True,20093,20093,1608,12345693
16,58,True,food,True,5169,5169,245,12345694
17,46,True,food,True,4836,4836,2502,12345695
18,5211,True,food,True,30597,30597,1600,12345696
19,1754,True,food,True,38193,38193,1328,12345697
20,1073,True,food,True,6552,6552,785,12345698
21,1045,True,food,True,23596,23596,1055,12345699
22,168,True,food,True,3425,3425,118,12345700
23,496,True,food,True,7014,7014,799,12345701
24,2454,True,food,True,22932,22932,4614,12345702
25,99,True,food,True,3359,3359,43,12345703
26,175,True,food,True,3787,3787,66,12345704
27,251,True,food,True,6329,6329,154,12345705
28,2359,True,food,True,34446,34446,1175,12345706
29,522,True,food,True,4404,4404,246,12345707
30,835,True,food,True,1634,1634,591,12345708
31,353,True,food,True,8188,8188,208,12345709
32,680,True,food,True,2569,2569,376,12345710
33,310,True,food,True,4314,4314,234,12345711
34,432,True,food,True,9169,9169,154,12345712
35,629,True,food,True,14940,14940,248,12345713
36,142,True,food,True,1674,1674,208,12345714
37,289,True,food,True,4413,4413,301,12345715
38,697,True,food,True,8173,8173,182,12345716
39,363,True,food,True,2767,2767,392,12345717
40,154,True,food,True,2291,2291,63,12345718
41,197,True,food,True,2529,2529,493,12345719
42,536,True,food,True,8547,8547,472,12345720
43,1119,True,food,True,9197,9197,600,12345721
44,14,True,food,True,3095,3095,67,12345722
45,789,True,food,True,17912,17912,457,12345723
46,69,True,food,True,7542,7542,333,12345724
47,57,True,food,True,7840,7840,2182,12345725
48,3,True,food,True,1250,1250,9,12345726
49,1138,True,food,True,12693,12693,645,12345727
50,36,True,food,True,2508,2508,110,12345728
51,648,True,food,True,10345,10345,518,12345729
52,296,True,food,True,6947,6947,820,12345730
53,393,True,food,True,3929,3929,1334,12345731
54,245,True,food,True,5259,5259,89,12345732
55,200,True,food,True,4845,4845,134,12345733
56,963,True,food,True,9771,9771,383,12345734
57,46,True,food,True,17292,17292,2074,12345735
58,449,True,food,True,2708,2708,224,12345736
59,188,True,food,True,6796,6796,138,12345737
60,227,True,food,True,6819,6819,400,12345738
61,356,True,food,True,13568,13568,238,12345739
62,39,True,food,True,5742,5742,294,12345740
63,335,True,food,True,7192,7192,212,12345741
64,296,True,food,True,5485,5485,1393,12345742
65,591,True,food,True,4705,4705,200,12345743
66,286,True,food,True,4566,4566,1817,12345744
67,1331,True,food,True,11427,11427,1231,12345745
68,787,True,food,True,8911,8911,688,12345746
69,1211,True,food,True,6830,6830,1534,12345747
70,986,True,food,True,23461,23461,597,12345748
71,844,True,food,True,9382,9382,618,12345749
72,305,True,food,True,4100,4100,169,12345750
73,106,True,food,True,1792,1792,282,12345751
74,1781,True,food,True,16054,16054,765,12345752
75,592,True,food,True,7968,7968,357,12345753
76,538,True,food,True,8704,8704,411,12345754
77,454,True,food,True,6080,6080,187,12345755
78,138,True,food,True,21236,21236,388,12345756
79,246,True,food,True,2026,2026,103,12345757
80,264,True,food,True,3692,3692,103,12345758
81,233,True,food,True,7481,7481,184,12345759
82,548,True,food,True,12753,12753,336,12345760
83,627,True,food,True,7632,7632,421,12345761
84,563,True,food,True,8205,8205,567,12345762
85,86,True,food,True,7200,7200,2146,12345763
86,743,True,food,True,5541,5541,381,12345764
87,92,True,food,True,6402,6402,174,12345765
88,2328,True,food,True,8703,8703,1029,12345766
89,641,True,food,True,2847,2847,3040,12345767
90,1318,True,food,True,6542,6542,1597,12345768
91,254,True,food,True,3667,3667,538,12345769
92,264,True,food,True,2422,2422,353,12345770
93,419,True,food,True,826,826,34,12345771
94,733,True,food,True,9570,9570,584,12345772
95,2310,True,food,True,11856,11856,1107,12345773
96,1155,True,food,True,11019,11019,631,12345774
97,827,True,food,True,11585,11585,455,12345775
98,1064,True,food,True,8612,8612,522,12345776
99,13,True,food,True,6964,6964,502,12345777
100,979,True,food,True,17458,17458,695,12345778
101,546,True,food,True,10317,10317,527,12345779
102,372,True,food,True,6398,6398,362,12345780
103,718,True,food,True,5937,5937,283,12345781
104,430,True,food,True,6518,6518,971,12345782
105,654,True,food,True,4134,4134,313,12345783
106,279,True,food,True,6001,6001,234,12345784
107,23,True,food,True,6088,6088,214,12345785
108,13,True,food,True,3527,3527,762,12345786
109,260,True,food,True,4768,4768,140,12345787
110,332,True,food,True,6922,6922,374,12345788
111,10,True,food,True,3500,3500,552,12345789
112,244,True,food,True,4621,4621,598,12345790
113,274,True,food,True,3766,3766,1425,12345791
114,8,True,food,True,4474,4474,1605,12345792
115,616,True,food,True,2789,2789,302,12345793
116,14,True,food,True,4855,4855,119,12345794
117,273,True,food,True,3192,3192,173,12345795
118,9,True,food,True,2630,2630,25,12345796
119,705,True,food,True,8880,8880,194,12345797
120,474,True,food,True,5990,5990,283,12345798
121,192,True,food,True,8774,8774,246,12345799
122,38,True,food,True,11788,11788,253,12345800
123,422,True,food,True,9026,9026,426,12345801
124,723,True,food,True,17793,17793,521,12345802
125,10,True,food,True,7140,7140,86,12345803
126,610,True,food,True,13708,13708,439,12345804
127,503,True,food,True,6828,6828,295,12345805
128,351,True,food,True,3834,3834,332,12345806
129,651,True,food,True,5048,5048,365,12345807
130,457,True,food,True,5021,5021,150,12345808
131,260,True,food,True,8267,8267,92,12345809
132,40,True,food,True,6468,6468,253,12345810
133,383,True,food,True,6313,6313,110,12345811
134,164,True,food,True,2982,2982,48,12345812
135,170,True,food,True,3801,3801,111,12345813
136,143,True,food,True,5254,5254,73,12345814
137,45,True,food,True,6698,6698,526,12345815
138,12,True,food,True,2499,2499,28,12345816
139,4,True,food,True,2794,2794,65,12345817
140,72,True,food,True,2310,2310,40,12345818
141,796,True,food,True,6286,6286,197,12345819
142,177,True,food,True,5287,5287,93,12345820
143,21,True,food,True,4716,4716,465,12345821
144,124,True,food,True,3186,3186,164,12345822
145,232,True,food,True,2659,2659,216,12345823
146,137,True,food,True,3124,3124,96,12345824
147,28,True,food,True,3899,3899,241,12345825
148,618,True,food,True,4299,4299,388,12345826
149,176,True,food,True,4079,4079,95,12345827
150,265,True,food,True,5071,5071,177,12345828
151,381,True,food,True,5803,5803,216,12345829
152,313,True,food,True,3320,3320,138,12345830
153,117,True,food,True,3416,3416,29,12345831
154,716,True,food,True,9541,9541,489,12345832
155,22,True,food,True,7668,7668,281,12345833
156,18,True,food,True,4255,4255,407,12345834
157,468,True,food,True,10224,10224,256,12345835
158,17,True,food,True,7401,7401,213,12345836
159,412,True,food,True,2966,2966,1144,12345837
160,9,True,food,True,3037,3037,60,12345838
161,324,True,food,True,3183,3183,392,12345839
162,8,True,food,True,5082,5082,341,12345840
163,133,True,food,True,2675,2675,54,12345841
164,273,True,food,True,2192,2192,109,12345842
165,14,True,food,True,6781,6781,73,12345843
166,172,True,food,True,3252,3252,434,12345844
167,447,True,food,True,9957,9957,243,12345845
168,353,True,food,True,4813,4813,57,12345846
169,174,True,food,True,3293,3293,64,12345847
170,377,True,food,True,7470,7470,739,12345848
171,1128,True,food,True,15415,15415,724,12345849
172,211,True,food,True,4525,4525,231,12345850
173,1318,True,food,True,14286,14286,601,12345851
174,240,True,food,True,6032,6032,41,12345852
175,24,True,food,True,11329,11329,482,12345853
176,117,True,food,True,6141,6141,89,12345854
177,18,True,food,True,4147,4147,115,12345855
178,839,True,food,True,7435,7435,189,12345856
179,22,True,food,True,4733,4733,879,12345857
180,7,True,food,True,3151,3151,47,12345858
181,10,True,food,True,3772,3772,1095,12345859
182,8,True,food,True,3169,3169,277,12345860
183,193,True,food,True,2373,2373,97,12345861
184,815,True,food,True,3868,3868,359,12345862
185,211,True,food,True,4030,4030,100,12345863
186,446,True,food,True,5670,5670,385,12345864
187,592,True,food,True,3028,3028,334,12345865
188,173,True,food,True,3754,3754,134,12345866
189,213,True,food,True,3917,3917,86,12345867
190,126,True,food,True,4232,4232,81,12345868
191,174,True,food,True,3919,3919,117,12345869
192,21,True,food,True,4205,4205,134,12345870
193,411,True,food,True,2532,2532,99,12345871
194,82,True,food,True,5166,5166,211,12345872
195,13,True,food,True,3117,3117,138,12345873
196,414,True,food,True,4336,4336,480,12345874
197,162,True,food,True,1632,1632,80,12345875
198,1122,True,food,True,5080,5080,329,12345876
199,547,True,food,True,2899,2899,109,12345877
200,541,True,food,True,4083,4083,157,12345878
201,1497,True,food,True,4601,4601,248,12345879
202,447,True,food,True,2413,2413,126,12345880
203,184,True,food,True,3964,3964,36,12345881
204,501,True,food,True,3291,3291,466,12345882
205,435,True,food,True,4102,4102,135,12345883
206,217,True,food,True,2482,2482,756,12345884
207,15126,True,food,True,51381,51381,1726,12345885
208,65,True,food,True,8825,8825,301,12345886
209,1124,True,food,True,3468,3468,165,12345887
210,434,True,food,True,3040,3040,279,12345888
211,1251,True,food,True,7933,7933,902,12345889
212,262,True,food,True,4683,4683,242,12345890
213,1182,True,food,True,7739,7739,544,12345891
214,35,True,food,True,4553,4553,100,12345892
215,599,True,food,True,4668,4668,881,12345893
216,192,True,food,True,4150,4150,40,12345894
217,70,True,food,True,5374,5374,276,12345895
218,1775,True,food,True,4137,4137,17533,12345896
219,684,True,food,True,13414,13414,563,12345897
220,346,True,food,True,3096,3096,135,12345898
221,524,True,food,True,4600,4600,214,12345899
222,1795,True,food,True,13841,13841,1100,12345900
223,86,True,food,True,1451,1451,63,12345901
224,4308,True,food,True,32749,32749,4381,12345902
225,285,True,food,True,2168,2168,843,12345903
226,1643,True,food,True,14192,14192,1237,12345904
227,480,True,food,True,7946,7946,198,12345905
228,4295,True,food,True,29651,29651,2605,12345906
229,63,True,food,True,12868,12868,676,12345907
230,0,True,food,True,1,1,0,12345908
231,1851,True,food,True,25433,25433,4061,12345909
232,29445,True,food,True,79886,79886,6663,12345910
233,2981,True,food,True,22695,22695,6118,12345911
234,373,True,food,True,3674,3674,315,12345912
235,682,True,food,True,12043,12043,606,12345913
236,261,True,food,True,2689,2689,468,12345914
237,1619,True,food,True,19201,19201,753,12345915
238,10,True,food,True,7585,7585,218,12345916
239,317,True,food,True,65241,65241,1100,12345917
240,145,True,food,True,1975,1975,190,12345918
241,3424,True,food,True,20094,20094,1608,12345919
242,772,True,food,True,5850,5850,680,12345920
243,58,True,food,True,5169,5169,245,12345921
244,46,True,food,True,4836,4836,2502,12345922
245,5211,True,food,True,30597,30597,1600,12345923
246,1754,True,food,True,38193,38193,1328,12345924
247,1073,True,food,True,6552,6552,785,12345925
248,1045,True,food,True,23596,23596,1055,12345926
249,168,True,food,True,3425,3425,118,12345927
250,496,True,food,True,7014,7014,799,12345928
251,2454,True,food,True,22933,22933,4614,12345929
252,99,True,food,True,3359,3359,43,12345930
253,175,True,food,True,3787,3787,66,12345931
254,251,True,food,True,6329,6329,154,12345932
255,2359,True,food,True,34446,34446,1175,12345933
256,522,True,food,True,4404,4404,246,12345934
257,835,True,food,True,1634,1634,591,12345935
258,353,True,food,True,8188,8188,208,12345936
259,680,True,food,True,2569,2569,376,12345937
260,310,True,food,True,4314,4314,234,12345938
261,432,True,food,True,9169,9169,154,12345939
262,629,True,food,True,14940,14940,248,12345940
263,142,True,food,True,1674,1674,208,12345941
264,290,True,food,True,4413,4413,300,12345942
265,697,True,food,True,8173,8173,182,12345943
266,363,True,food,True,2767,2767,392,12345944
267,154,True,food,True,2291,2291,63,12345945
268,197,True,food,True,2529,2529,493,12345946
269,536,True,food,True,8547,8547,472,12345947
270,1119,True,food,True,9197,9197,600,12345948
271,14,True,food,True,3095,3095,67,12345949
272,790,True,food,True,17913,17913,457,12345950
273,69,True,food,True,7542,7542,333,12345951
274,57,True,food,True,7840,7840,2182,12345952
275,3,True,food,True,1250,1250,9,12345953
276,1138,True,food,True,12693,12693,645,12345954
277,36,True,food,True,2508,2508,110,12345955
278,648,True,food,True,10345,10345,518,12345956
279,296,True,food,True,6947,6947,820,12345957
280,393,True,food,True,3929,3929,1334,12345958
281,245,True,food,True,5259,5259,89,12345959
282,200,True,food,True,4845,4845,134,12345960
283,963,True,food,True,9771,9771,383,12345961
284,46,True,food,True,17292,17292,2074,12345962
285,188,True,food,True,6796,6796,138,12345963
286,227,True,food,True,6819,6819,400,12345964
287,356,True,food,True,13570,13570,238,12345965
288,39,True,food,True,5742,5742,294,12345966
289,335,True,food,True,7192,7192,212,12345967
290,296,True,food,True,5485,5485,1393,12345968
291,591,True,food,True,4705,4705,200,12345969
292,286,True,food,True,4566,4566,1817,12345970
293,1331,True,food,True,11427,11427,1231,12345971
294,787,True,food,True,8911,8911,688,12345972
295,1211,True,food,True,6830,6830,1534,12345973
296,986,True,food,True,23461,23461,597,12345974
297,844,True,food,True,9382,9382,618,12345975
298,305,True,food,True,4100,4100,169,12345976
299,106,True,food,True,1792,1792,282,12345977
300,1781,True,food,True,16054,16054,765,12345978
301,592,True,food,True,7968,7968,357,12345979
302,538,True,food,True,8704,8704,411,12345980
303,454,True,food,True,6080,6080,187,12345981
304,138,True,food,True,21236,21236,388,12345982
305,449,True,food,True,2708,2708,224,12345983
306,246,True,food,True,2026,2026,103,12345984
307,264,True,food,True,3692,3692,103,12345985
308,233,True,food,True,7481,7481,184,12345986
309,548,True,food,True,12753,12753,336,12345987
310,627,True,food,True,7632,7632,421,12345988
311,563,True,food,True,8205,8205,567,12345989
312,86,True,food,True,7200,7200,2146,12345990
313,743,True,food,True,5541,5541,381,12345991
314,92,True,food,True,6402,6402,174,12345992
315,2328,True,food,True,8703,8703,1029,12345993
316,641,True,food,True,2847,2847,3040,12345994
317,1318,True,food,True,6542,6542,1597,12345995
318,254,True,food,True,3667,3667,538,12345996
319,264,True,food,True,2422,2422,353,12345997
320,419,True,food,True,826,826,34,12345998
321,733,True,food,True,9570,9570,584,12345999
322,238,True,food,True,6078,6078,502,12346000
323,2310,True,food,True,11856,11856,1107,12346001
324,1155,True,food,True,11019,11019,631,12346002
325,827,True,food,True,11585,11585,455,12346003
326,1128,True,food,True,14075,14075,1365,12346004
327,1064,True,food,True,8612,8612,522,12346005
328,13,True,food,True,6964,6964,502,12346006
329,979,True,food,True,17458,17458,695,12346007
330,546,True,food,True,10318,10318,527,12346008
331,372,True,food,True,6398,6398,362,12346009
332,718,True,food,True,5937,5937,283,12346010
333,430,True,food,True,6518,6518,971,12346011
334,654,True,food,True,4134,4134,313,12346012
335,279,True,food,True,6002,6002,234,12346013
336,23,True,food,True,6088,6088,214,12346014
337,13,True,food,True,3527,3527,762,12346015
338,260,True,food,True,4768,4768,140,12346016
339,332,True,food,True,6922,6922,374,12346017
340,10,True,food,True,3500,3500,552,12346018
341,244,True,food,True,4621,4621,598,12346019
342,274,True,food,True,3766,3766,1425,12346020
343,8,True,food,True,4475,4475,1605,12346021
344,616,True,food,True,2789,2789,302,12346022
345,14,True,food,True,4855,4855,119,12346023
346,273,True,food,True,3192,3192,173,12346024
347,9,True,food,True,2630,2630,25,12346025
348,705,True,food,True,8880,8880,194,12346026
349,474,True,food,True,5990,5990,283,12346027
350,192,True,food,True,8774,8774,246,12346028
351,38,True,food,True,11788,11788,253,12346029
352,422,True,food,True,9027,9027,426,12346030
353,723,True,food,True,17793,17793,521,12346031
354,10,True,food,True,7140,7140,86,12346032
355,610,True,food,True,13708,13708,439,12346033
356,503,True,food,True,6828,6828,295,12346034
357,351,True,food,True,3834,3834,332,12346035
358,651,True,food,True,5048,5048,365,12346036
359,457,True,food,True,5021,5021,150,12346037
360,260,True,food,True,8267,8267,92,12346038
361,40,True,food,True,6469,6469,253,12346039
362,383,True,food,True,6313,6313,110,12346040
363,164,True,food,True,2982,2982,48,12346041
364,170,True,food,True,3801,3801,111,12346042
365,143,True,food,True,5254,5254,73,12346043
366,45,True,food,True,6698,6698,526,12346044
367,12,True,food,True,2499,2499,28,12346045
368,4,True,food,True,2794,2794,65,12346046
369,72,True,food,True,2310,2310,40,12346047
370,796,True,food,True,6286,6286,197,12346048
371,177,True,food,True,5287,5287,93,12346049
372,21,True,food,True,4716,4716,465,12346050
373,124,True,food,True,3186,3186,164,12346051
374,232,True,food,True,2659,2659,216,12346052
375,137,True,food,True,3124,3124,96,12346053
376,28,True,food,True,3900,3900,241,12346054
377,618,True,food,True,4299,4299,388,12346055
378,176,True,food,True,4079,4079,95,12346056
379,265,True,food,True,5071,5071,177,12346057
380,381,True,food,True,5803,5803,216,12346058
381,313,True,food,True,3320,3320,138,12346059
382,117,True,food,True,3416,3416,29,12346060
383,716,True,food,True,9541,9541,489,12346061
384,22,True,food,True,7668,7668,281,12346062
385,18,True,food,True,4255,4255,407,12346063
386,468,True,food,True,10224,10224,256,12346064
387,17,True,food,True,7402,7402,213,12346065
388,412,True,food,True,2968,2968,1143,12346066
389,9,True,food,True,3037,3037,60,12346067
390,324,True,food,True,3183,3183,392,12346068
391,8,True,food,True,5082,5082,341,12346069
392,133,True,food,True,2675,2675,54,12346070
393,273,True,food,True,2192,2192,109,12346071
394,14,True,food,True,6781,6781,73,12346072
395,172,True,food,True,3252,3252,434,12346073
396,447,True,food,True,9957,9957,243,12346074
397,353,True,food,True,4813,4813,57,12346075
398,174,True,food,True,3293,3293,64,12346076
399,377,True,food,True,7469,7469,739,12346077
400,1128,True,food,True,15416,15416,724,12346078
401,211,True,food,True,4525,4525,231,12346079
402,1318,True,food,True,14286,14286,601,12346080
403,240,True,food,True,6032,6032,41,12346081
404,24,True,food,True,11329,11329,482,12346082
405,117,True,food,True,6141,6141,89,12346083
406,18,True,food,True,4148,4148,115,12346084
407,839,True,food,True,7435,7435,189,12346085
408,22,True,food,True,4733,4733,879,12346086
409,7,True,food,True,3151,3151,47,12346087
410,10,True,food,True,3772,3772,1095,12346088
411,8,True,food,True,3169,3169,277,12346089
412,193,True,food,True,2373,2373,97,12346090
413,815,True,food,True,3868,3868,359,12346091
414,211,True,food,True,4030,4030,100,12346092
415,446,True,food,True,5671,5671,385,12346093
416,592,True,food,True,3028,3028,334,12346094
417,173,True,food,True,3754,3754,134,12346095
418,213,True,food,True,3917,3917,86,12346096
419,126,True,food,True,4232,4232,81,12346097
420,174,True,food,True,3919,3919,117,12346098
421,21,True,food,True,4205,4205,134,12346099
422,411,True,food,True,2532,2532,99,12346100
423,82,True,food,True,5166,5166,211,12346101
424,13,True,food,True,3117,3117,138,12346102
425,414,True,food,True,4336,4336,480,12346103
426,162,True,food,True,1632,1632,80,12346104
427,1122,True,food,True,5080,5080,329,12346105
428,547,True,food,True,2899,2899,109,12346106
429,541,True,food,True,4083,4083,157,12346107
430,1497,True,food,True,4601,4601,248,12346108
431,447,True,food,True,2413,2413,126,12346109
432,184,True,food,True,3964,3964,36,12346110
433,501,True,food,True,3291,3291,466,12346111
434,435,True,food,True,4102,4102,135,12346112
435,217,True,food,True,2482,2482,756,12346113
436,15126,True,food,True,51381,51381,1726,12346114
437,65,True,food,True,8826,8826,301,12346115
438,1124,True,food,True,3468,3468,165,12346116
439,434,True,food,True,3040,3040,279,12346117
440,1251,True,food,True,7933,7933,902,12346118
441,262,True,food,True,4684,4684,242,12346119
442,1183,True,food,True,7739,7739,544,12346120
443,35,True,food,True,4553,4553,100,12346121
444,599,True,food,True,4668,4668,881,12346122
445,192,True,food,True,4150,4150,40,12346123
446,70,True,food,True,5374,5374,276,12346124
447,1775,True,food,True,4137,4137,17533,12346125
448,684,True,food,True,13414,13414,563,12346126
449,346,True,food,True,3096,3096,135,12346127
450,524,True,food,True,4600,4600,214,12346128
451,1795,True,food,True,13841,13841,1100,12346129
452,86,True,food,True,1451,1451,63,12346130
453,4308,True,food,True,32749,32749,4381,12346131
454,286,True,food,True,2167,2167,843,12346132
455,1643,True,food,True,14192,14192,1237,12346133
456,480,True,food,True,7947,7947,198,12346134
457,4295,True,food,True,29651,29651,2605,12346135
458,63,True,food,True,12868,12868,676,12346136
459,0,True,food,True,1,1,0,12346137
460,160,True,travel,True,7210,7210,242,12346138
461,24,True,travel,True,717,717,1,12346139
462,160,True,travel,True,7210,7210,242,12346140
463,24,True,travel,True,717,717,1,12346141
464,298,True,travel,True,23778,23778,603,12346142
465,1258,True,travel,True,8437,8437,975,12346143
466,185,True,travel,True,1432,1432,59,12346144
467,78,True,travel,True,607,607,81,12346145
468,10,True,travel,True,1056,1056,35,12346146
469,137,True,travel,True,12573,12573,424,12346147
470,9,True,travel,True,637,637,62,12346148
471,386,True,travel,True,2212,2212,99,12346149
472,56,True,travel,True,5884,5884,218,12346150
473,264,True,travel,True,1670,1670,148,12346151
474,22,True,travel,True,491,491,23,12346152
475,232,True,travel,True,1242,1242,189,12346153
476,76,True,travel,True,512,512,10,12346154
477,22,True,travel,True,3113,3113,94,12346155
478,58,True,travel,True,5122,5122,168,12346156
479,136,True,travel,True,1474,1474,31,12346157
480,7,True,travel,True,1037,1037,26,12346158
481,706,False,travel,True,168,168,2774,12346159
482,9,True,travel,True,342,342,331,12346160
483,21,True,travel,True,630,630,34,12346161
484,4,True,travel,True,218,218,1,12346162
485,116,True,travel,True,517,517,832,12346163
486,130,True,travel,True,539,539,27,12346164
487,104,True,travel,True,623,623,28,12346165
488,1161,True,travel,True,4594,4594,89,12346166
489,20,True,travel,True,4661,4661,101,12346167
490,267,True,travel,True,2248,2248,46,12346168
491,34,True,travel,True,4297,4297,63,12346169
492,93,True,travel,True,690,690,645,12346170
493,1318,True,travel,True,6204,6204,2369,12346171
494,5,True,travel,True,288,288,230,12346172
495,303,True,travel,True,1085,1085,82,12346173
496,51,True,travel,True,724,724,6,12346174
497,258,True,travel,True,4173,4173,39,12346175
498,145,True,travel,True,1248,1248,11,12346176
499,274,True,travel,True,3600,3600,39,12346177
500,121,True,travel,True,904,904,977,12346178
501,4,True,travel,True,410,410,994,12346179
502,25,True,travel,True,439,439,18,12346180
503,22,True,travel,True,372,372,9,12346181
504,203,True,travel,True,919,919,13,12346182
505,37,True,travel,True,257,257,3,12346183
506,140,True,travel,True,1447,1447,29,12346184
507,26,True,travel,True,903,903,26,12346185
508,149,True,travel,True,474,474,65,12346186
509,136,True,travel,True,628,628,18,12346187
510,134,True,travel,True,2315,2315,22,12346188
511,304,True,travel,True,1253,1253,59,12346189
512,721,True,travel,True,12322,12322,615,12346190
513,48,True,travel,True,464,464,8,12346191
514,153,True,travel,True,1854,1854,21,12346192
515,176,True,travel,True,2330,2330,27,12346193
516,49,True,travel,True,356,356,485,12346194
517,1195,True,travel,True,224,224,28,12346195
518,159,True,travel,False,1347,1347,0,12346196
519,14,True,travel,True,3184,3184,122,12346197
520,147,True,travel,True,458,458,21,12346198
521,71,True,travel,True,777,777,139,12346199
522,0,True,travel,True,931,931,116,12346200
523,51,True,travel,True,776,776,43,12346201
524,179,True,travel,True,1323,1323,80,12346202
525,61,True,travel,True,355,355,3,12346203
526,87,True,travel,True,517,517,666,12346204
527,60,True,travel,True,9453,9453,364,12346205
528,86,True,travel,True,402,402,988,12346206
529,144,True,travel,True,3043,3043,277,12346207
530,129,True,travel,True,1213,1213,361,12346208
531,59,True,travel,True,320,320,9,12346209
532,105,True,travel,True,7168,7168,121,12346210
533,37,True,travel,True,503,503,5,12346211
534,117,True,travel,True,991,991,36,12346212
535,165,True,travel,True,578,578,25,12346213
536,76,True,travel,True,541,541,359,12346214
537,11,True,travel,True,213,213,10,12346215
538,151,True,travel,True,1087,1087,19,12346216
539,27,True,travel,True,282,282,2,12346217
540,14,True,travel,True,172,172,3,12346218
541,105,True,travel,True,974,974,177,12346219
542,333,True,travel,True,3133,3133,86,12346220
543,0,True,travel,False,1172,1172,0,12346221
544,33,True,travel,True,243,243,21,12346222
545,28,True,travel,True,435,435,5,12346223
546,5,True,travel,True,111,111,1,12346224
547,35,True,travel,True,283,283,8,12346225
548,15,True,travel,True,241,241,8,12346226
549,26,True,travel,True,109,109,3,12346227
550,50,True,travel,True,272,272,42,12346228
551,91,True,travel,True,489,489,30,12346229
552,72,True,travel,True,9478,9478,335,12346230
553,42,True,travel,True,244,244,368,12346231
554,137,True,travel,True,423,423,797,12346232
555,1778,True,travel,True,27226,27226,1065,12346233
556,91,True,travel,True,697,697,64,12346234
557,0,True,travel,False,278,278,0,12346235
558,181,True,travel,False,1049,1049,0,12346236
559,708,True,travel,True,5204,5204,1756,12346237
560,3,True,travel,True,553,553,50,12346238
561,63,True,travel,True,554,554,46,12346239
562,30,True,travel,True,2460,2460,2227,12346240
563,12,True,travel,True,1211,1211,6,12346241
564,118,True,travel,True,625,625,144,12346242
565,203,True,travel,True,981,981,41,12346243
566,160,True,travel,True,630,630,19,12346244
567,0,True,travel,False,343,343,0,12346245
568,47,True,travel,True,206,206,7,12346246
569,40,True,travel,True,715,715,94,12346247
570,44,True,travel,True,579,579,4,12346248
571,1160,True,travel,True,4415,4415,3422,12346249
572,683,True,travel,True,8407,8407,291,12346250
573,0,True,travel,False,721,721,0,12346251
574,294,True,travel,False,1135,1135,103,12346252
575,54,True,travel,True,267,267,7,12346253
576,70,True,travel,True,459,459,13,12346254
577,150,True,travel,True,1423,1423,443,12346255
578,4,True,travel,True,1198,1198,44,12346256
579,118,True,travel,True,1992,1992,40,12346257
580,11,True,travel,True,237,237,14392,12346258
581,12,True,travel,True,771,771,32,12346259
582,48,True,travel,True,1153,1153,55,12346260
583,0,True,travel,True,232,232,0,12346261
584,3719,True,travel,True,17057,17057,732,12346262
585,175,True,travel,True,864,864,52,12346263
586,12,True,travel,True,504,504,7,12346264
587,9,True,travel,True,1249,1249,20,12346265
588,124,True,travel,True,548,548,358,12346266
589,62,True,travel,True,1527,1527,2831,12346267
590,174,True,travel,True,510,510,1522,12346268
591,145,True,travel,True,683,683,12,12346269
592,16,True,travel,True,423,423,21,12346270
593,1577,False,travel,True,8709,8709,4610,12346271
594,171,True,travel,True,762,762,51,12346272
595,4,True,travel,True,522,522,12,12346273
596,74,True,travel,True,1566,1566,5,12346274
597,0,True,travel,False,246,246,0,12346275
598,225,True,travel,True,5661,5661,195,12346276
599,486,True,travel,True,2134,2134,3128,12346277
600,172,True,travel,True,480,480,126,12346278
601,433,True,travel,False,1220,1220,268,12346279
602,130,True,travel,True,483,483,98,12346280
603,33,True,travel,True,299,299,48,12346281
604,19,True,travel,True,359,359,5,12346282
605,573,True,travel,True,1492,1492,210,12346283
606,190,True,travel,True,604,604,6103,12346284
607,69,True,travel,True,404,404,406,12346285
608,258,True,travel,True,973,973,951,12346286
609,7,True,travel,True,916,916,5,12346287
610,4,True,travel,True,321,321,57,12346288
611,130,True,travel,True,775,775,71,12346289
612,83,True,travel,True,2029,2029,104,12346290
613,428,True,travel,True,1604,1604,2279,12346291
614,97,True,travel,True,348,348,4,12346292
615,11,True,travel,True,655,655,7,12346293
616,167,True,travel,True,1048,1048,1610,12346294
617,130,True,travel,True,496,496,1426,12346295
618,128,True,travel,True,1614,1614,127,12346296
619,151,True,travel,True,1833,1833,2,12346297
620,18,True,travel,True,118,118,0,12346298
621,224,True,travel,True,2220,2220,26,12346299
622,41,True,travel,True,1183,1183,4,12346300
623,153,True,travel,True,1667,1667,47,12346301
624,2627,True,travel,True,48088,48088,1018,12346302
625,4,True,travel,True,2397,2397,44,12346303
626,4,True,travel,True,508,508,36,12346304
627,119,True,travel,True,24304,24304,1011,12346305
628,423,True,travel,True,17670,17670,593,12346306
629,0,True,travel,False,1437,1437,0,12346307
630,554,True,travel,True,6975,6975,958,12346308
631,828,True,travel,True,7093,7093,887,12346309
632,854,True,travel,True,26367,26367,708,12346310
633,572,True,travel,True,2644,2644,180,12346311
634,353,True,travel,True,9117,9117,177,12346312
635,1405,True,travel,True,55352,55352,1203,12346313
636,202,True,travel,True,726,726,19,12346314
637,1253,True,travel,True,1568,1568,84,12346315
638,308,True,travel,True,2923,2923,678,12346316
639,92,True,travel,True,600,600,22,12346317
640,228,True,travel,True,2686,2686,23,12346318
641,103,True,travel,False,248,248,0,12346319
642,216,True,travel,True,2420,2420,1078,12346320
643,51,True,travel,True,153,153,277,12346321
644,150,True,travel,True,1366,1366,109,12346322
645,107,True,travel,True,241,241,48,12346323
646,159,True,travel,True,1508,1508,141,12346324
647,187,True,travel,True,2357,2357,160,12346325
648,285,True,travel,True,1164,1164,14,12346326
649,0,True,travel,False,192,192,0,12346327
650,378,True,travel,True,2579,2579,17,12346328
651,0,True,travel,False,196,196,0,12346329
652,138,True,travel,True,1702,1702,33,12346330
653,85,True,travel,True,1646,1646,127,12346331
654,14,True,travel,True,205,205,50,12346332
655,70,True,travel,True,2692,2692,21,12346333
656,434,True,travel,True,1118,1118,6109,12346334
657,377,True,travel,True,640,640,1460,12346335
658,836,True,travel,True,2537,2537,518,12346336
659,674,True,travel,True,16380,16380,338,12346337
660,171,True,travel,True,5938,5938,208,12346338
661,0,True,travel,False,802,802,0,12346339
662,220,True,travel,True,6432,6432,184,12346340
663,68,True,travel,True,3179,3179,151,12346341
664,60,True,travel,True,7831,7831,1433,12346342
665,1,True,travel,True,2,2,0,12346343
666,0,True,travel,True,3,3,0,12346344
667,160,True,travel,True,7210,7210,242,12346345
668,24,True,travel,True,717,717,1,12346346
669,298,True,travel,True,23778,23778,603,12346347
670,1258,True,travel,True,8437,8437,975,12346348
671,185,True,travel,True,1432,1432,59,12346349
672,78,True,travel,True,607,607,81,12346350
673,10,True,travel,True,1056,1056,35,12346351
674,137,True,travel,True,12573,12573,424,12346352
675,9,True,travel,True,637,637,62,12346353
676,386,True,travel,True,2212,2212,99,12346354
677,56,True,travel,True,5884,5884,218,12346355
678,264,True,travel,True,1670,1670,148,12346356
679,22,True,travel,True,491,491,23,12346357
680,232,True,travel,True,1242,1242,189,12346358
681,76,True,travel,True,512,512,10,12346359
682,22,True,travel,True,3113,3113,94,12346360
683,58,True,travel,True,5123,5123,168,12346361
684,136,True,travel,True,1474,1474,31,12346362
685,7,True,travel,True,1037,1037,26,12346363
686,706,False,travel,True,168,168,2774,12346364
687,9,True,travel,True,342,342,331,12346365
688,21,True,travel,True,630,630,34,12346366
689,4,True,travel,True,218,218,1,12346367
690,116,True,travel,True,517,517,832,12346368
691,130,True,travel,True,539,539,27,12346369
692,104,True,travel,True,623,623,28,12346370
693,1161,True,travel,True,4594,4594,89,12346371
694,20,True,travel,True,4661,4661,101,12346372
695,267,True,travel,True,2248,2248,46,12346373
696,34,True,travel,True,4297,4297,63,12346374
697,93,True,travel,True,690,690,645,12346375
698,1318,True,travel,True,6204,6204,2369,12346376
699,5,True,travel,True,288,288,230,12346377
700,303,True,travel,True,1085,1085,82,12346378
701,51,True,travel,True,724,724,6,12346379
702,258,True,travel,True,4173,4173,39,12346380
703,145,True,travel,True,1248,1248,11,12346381
704,274,True,travel,True,3600,3600,39,12346382
705,121,True,travel,True,904,904,977,12346383
706,4,True,travel,True,410,410,994,12346384
707,25,True,travel,True,439,439,18,12346385
708,22,True,travel,True,372,372,9,12346386
709,203,True,travel,True,919,919,13,12346387
710,37,True,travel,True,257,257,3,12346388
711,140,True,travel,True,1447,1447,29,12346389
712,26,True,travel,True,903,903,26,12346390
713,149,True,travel,True,474,474,65,12346391
714,136,True,travel,True,628,628,18,12346392
715,134,True,travel,True,2315,2315,22,12346393
716,304,True,travel,True,1253,1253,59,12346394
717,721,True,travel,True,12322,12322,615,12346395
718,48,True,travel,True,464,464,8,12346396
719,153,True,travel,True,1854,1854,21,12346397
720,176,True,travel,True,2330,2330,27,12346398
721,49,True,travel,True,356,356,485,12346399
722,1195,True,travel,True,224,224,28,12346400
723,159,True,travel,False,1347,1347,0,12346401
724,14,True,travel,True,3184,3184,122,12346402
725,147,True,travel,True,458,458,21,12346403
726,71,True,travel,True,777,777,139,12346404
727,0,True,travel,True,931,931,116,12346405
728,51,True,travel,True,776,776,43,12346406
729,179,True,travel,True,1323,1323,80,12346407
730,61,True,travel,True,355,355,3,12346408
731,87,True,travel,True,517,517,666,12346409
732,60,True,travel,True,9453,9453,364,12346410
733,86,True,travel,True,402,402,988,12346411
734,144,True,travel,True,3043,3043,277,12346412
735,129,True,travel,True,1213,1213,361,12346413
736,59,True,travel,True,320,320,9,12346414
737,105,True,travel,True,7168,7168,121,12346415
738,37,True,travel,True,503,503,5,12346416
739,117,True,travel,True,991,991,36,12346417
740,165,True,travel,True,578,578,25,12346418
741,76,True,travel,True,541,541,359,12346419
742,11,True,travel,True,213,213,10,12346420
743,151,True,travel,True,1087,1087,19,12346421
744,27,True,travel,True,282,282,2,12346422
745,14,True,travel,True,172,172,3,12346423
746,105,True,travel,True,974,974,177,12346424
747,333,True,travel,True,3133,3133,86,12346425
748,0,True,travel,False,1172,1172,0,12346426
749,33,True,travel,True,243,243,21,12346427
750,28,True,travel,True,435,435,5,12346428
751,5,True,travel,True,111,111,1,12346429
752,35,True,travel,True,283,283,8,12346430
753,15,True,travel,True,241,241,8,12346431
754,26,True,travel,True,109,109,3,12346432
755,50,True,travel,True,272,272,42,12346433
756,91,True,travel,True,489,489,30,12346434
757,72,True,travel,True,9478,9478,335,12346435
758,42,True,travel,True,244,244,368,12346436
759,137,True,travel,True,423,423,797,12346437
760,1778,True,travel,True,27226,27226,1065,12346438
761,91,True,travel,True,697,697,64,12346439
762,0,True,travel,False,278,278,0,12346440
763,181,True,travel,False,1049,1049,0,12346441
764,708,True,travel,True,5204,5204,1756,12346442
765,3,True,travel,True,553,553,50,12346443
766,63,True,travel,True,554,554,46,12346444
767,30,True,travel,True,2460,2460,2227,12346445
768,12,True,travel,True,1211,1211,6,12346446
769,118,True,travel,True,625,625,144,12346447
770,203,True,travel,True,981,981,41,12346448
771,160,True,travel,True,630,630,19,12346449
772,0,True,travel,False,343,343,0,12346450
773,47,True,travel,True,206,206,7,12346451
774,40,True,travel,True,715,715,94,12346452
775,44,True,travel,True,579,579,4,12346453
776,1160,True,travel,True,4415,4415,3422,12346454
777,683,True,travel,True,8407,8407,291,12346455
778,0,True,travel,False,721,721,0,12346456
779,294,True,travel,False,1135,1135,103,12346457
780,54,True,travel,True,267,267,7,12346458
781,70,True,travel,True,459,459,13,12346459
782,150,True,travel,True,1423,1423,443,12346460
783,4,True,travel,True,1198,1198,44,12346461
784,118,True,travel,True,1992,1992,40,12346462
785,11,True,travel,True,237,237,14392,12346463
786,12,True,travel,True,771,771,32,12346464
787,48,True,travel,True,1153,1153,55,12346465
788,0,True,travel,True,232,232,0,12346466
789,3719,True,travel,True,17057,17057,732,12346467
790,175,True,travel,True,864,864,52,12346468
791,12,True,travel,True,504,504,7,12346469
792,9,True,travel,True,1249,1249,20,12346470
793,124,True,travel,True,548,548,358,12346471
794,62,True,travel,True,1527,1527,2831,12346472
795,174,True,travel,True,510,510,1522,12346473
796,145,True,travel,True,683,683,12,12346474
797,16,True,travel,True,423,423,21,12346475
798,1577,False,travel,True,8709,8709,4610,12346476
799,171,True,travel,True,762,762,51,12346477
800,4,True,travel,True,522,522,12,12346478
801,74,True,travel,True,1566,1566,5,12346479
802,0,True,travel,False,246,246,0,12346480
803,225,True,travel,True,5661,5661,195,12346481
804,486,True,travel,True,2134,2134,3128,12346482
805,172,True,travel,True,480,480,126,12346483
806,433,True,travel,False,1220,1220,268,12346484
807,130,True,travel,True,483,483,98,12346485
808,33,True,travel,True,299,299,48,12346486
809,19,True,travel,True,359,359,5,12346487
810,573,True,travel,True,1492,1492,210,12346488
811,190,True,travel,True,604,604,6103,12346489
812,69,True,travel,True,404,404,406,12346490
813,258,True,travel,True,973,973,951,12346491
814,7,True,travel,True,916,916,5,12346492
815,4,True,travel,True,321,321,57,12346493
816,130,True,travel,True,775,775,71,12346494
817,83,True,travel,True,2029,2029,104,12346495
818,428,True,travel,True,1604,1604,2279,12346496
819,97,True,travel,True,348,348,4,12346497
820,11,True,travel,True,655,655,7,12346498
821,167,True,travel,True,1048,1048,1610,12346499
822,130,True,travel,True,496,496,1426,12346500
823,128,True,travel,True,1614,1614,127,12346501
824,151,True,travel,True,1833,1833,2,12346502
825,18,True,travel,True,118,118,0,12346503
826,224,True,travel,True,2220,2220,26,12346504
827,41,True,travel,True,1183,1183,4,12346505
828,153,True,travel,True,1668,1668,47,12346506
829,2627,True,travel,True,48088,48088,1018,12346507
830,4,True,travel,True,2397,2397,44,12346508
831,4,True,travel,True,508,508,36,12346509
832,119,True,travel,True,24304,24304,1011,12346510
833,423,True,travel,True,17670,17670,593,12346511
834,0,True,travel,False,1437,1437,0,12346512
835,554,True,travel,True,6975,6975,958,12346513
836,828,True,travel,True,7093,7093,887,12346514
837,854,True,travel,True,26367,26367,708,12346515
838,572,True,travel,True,2644,2644,180,12346516
839,353,True,travel,True,9117,9117,177,12346517
840,1405,True,travel,True,55352,55352,1203,12346518
841,202,True,travel,True,726,726,19,12346519
842,1253,True,travel,True,1568,1568,84,12346520
843,308,True,travel,True,2923,2923,678,12346521
844,92,True,travel,True,600,600,22,12346522
845,228,True,travel,True,2686,2686,23,12346523
846,103,True,travel,False,248,248,0,12346524
847,216,True,travel,True,2420,2420,1078,12346525
848,51,True,travel,True,153,153,277,12346526
849,150,True,travel,True,1366,1366,109,12346527
850,107,True,travel,True,241,241,48,12346528
851,159,True,travel,True,1508,1508,141,12346529
852,187,True,travel,True,2357,2357,160,12346530
853,285,True,travel,True,1164,1164,14,12346531
854,0,True,travel,False,192,192,0,12346532
855,378,True,travel,True,2579,2579,17,12346533
856,0,True,travel,False,196,196,0,12346534
857,138,True,travel,True,1702,1702,33,12346535
858,85,True,travel,True,1646,1646,127,12346536
859,14,True,travel,True,205,205,50,12346537
860,238,True,education,True,3443,3443,605,12346538
861,70,True,travel,True,2692,2692,21,12346539
862,434,True,travel,True,1118,1118,6109,12346540
863,377,True,travel,True,640,640,1460,12346541
864,836,True,travel,True,2537,2537,518,12346542
865,674,True,travel,True,16381,16381,338,12346543
866,171,True,travel,True,5938,5938,208,12346544
867,0,True,travel,False,802,802,0,12346545
868,220,True,travel,True,6432,6432,184,12346546
869,68,True,travel,True,3179,3179,151,12346547
870,60,True,travel,True,7831,7831,1433,12346548
871,1,True,travel,True,2,2,0,12346549
872,0,True,travel,True,3,3,0,12346550
873,160,True,education,True,7210,7210,242,12346551
874,24,True,education,True,717,717,1,12346552
875,856,True,education,True,9232,9232,976,12346553
876,427,True,education,True,1605,1605,44,12346554
877,102,True,education,True,487,487,933,12346555
878,59,True,education,True,835,835,368,12346556
879,54,True,education,True,528,528,109,12346557
880,55,True,education,True,551,551,3,12346558
881,156,True,education,True,971,971,344,12346559
882,16,True,education,True,496,496,2,12346560
883,82,True,education,True,374,374,27,12346561
884,316,True,education,True,6601,6601,10,12346562
885,467,True,education,True,6372,6372,513,12346563
886,237,True,education,True,3890,3890,65,12346564
887,69,True,education,True,476,476,31,12346565
888,15,True,education,True,234,234,15,12346566
889,297,True,education,True,1427,1427,27,12346567
890,30,True,education,True,372,372,16,12346568
891,99,True,education,True,555,555,691,12346569
892,58,True,education,True,265,265,26,12346570
893,287,True,education,True,5343,5343,17,12346571
894,372,True,education,True,5814,5814,16,12346572
895,79,True,education,True,501,501,53,12346573
896,58,True,education,True,611,611,14,12346574
897,183,True,education,True,3803,3803,112,12346575
898,206,True,education,True,850,850,45,12346576
899,170,True,education,True,408,408,19,12346577
900,137,True,education,True,881,881,97,12346578
901,17,True,education,True,1873,1873,29,12346579
902,314,True,education,True,3107,3107,219,12346580
903,28,True,education,True,371,371,0,12346581
904,94,True,education,True,680,680,534,12346582
905,15,True,education,True,767,767,12,12346583
906,666,False,education,True,577,577,2107,12346584
907,136,True,education,True,1756,1756,547,12346585
908,118,True,education,True,1231,1231,6,12346586
909,42,True,education,True,166,166,7,12346587
910,83,True,education,True,294,294,10,12346588
911,197,True,education,True,1845,1845,11,12346589
912,74,True,education,True,389,389,28,12346590
913,30,True,education,True,524,524,194,12346591
914,76,True,education,True,580,580,132,12346592
915,0,True,education,False,268,268,0,12346593
916,83,True,education,True,549,549,9,12346594
917,101,True,education,True,478,478,23,12346595
918,175,True,education,True,1431,1431,4,12346596
919,7,True,education,True,379,379,7,12346597
920,57,True,education,True,403,403,43,12346598
921,114,True,education,True,844,844,37,12346599
922,11,True,education,True,232,232,0,12346600
923,1073,True,education,True,13835,13835,804,12346601
924,52,True,education,True,231,231,8,12346602
925,37,True,education,True,1019,1019,63,12346603
926,34,True,education,True,296,296,34,12346604
927,15328,False,education,True,51597,51597,8346,12346605
928,14,True,education,True,528,528,1,12346606
929,32,True,education,True,590,590,3,12346607
930,10,True,education,True,297,297,9,12346608
931,49,True,education,True,257,257,651,12346609
932,33,True,education,True,192,192,351,12346610
933,51,True,education,True,160,160,417,12346611
934,146,True,education,True,1059,1059,718,12346612
935,16,True,education,True,356,356,2,12346613
936,150,True,education,True,561,561,22,12346614
937,19,True,education,True,144,144,26,12346615
938,327,True,education,True,384,384,53,12346616
939,304,True,education,True,1715,1715,1811,12346617
940,176,True,education,True,2388,2388,310,12346618
941,100,True,education,True,381,381,1244,12346619
942,287,True,education,True,1075,1075,280,12346620
943,51,True,education,True,502,502,1,12346621
944,50,True,education,True,375,375,14,12346622
945,599,True,education,False,1441,1441,797,12346623
946,29,True,education,True,1127,1127,16,12346624
947,6,True,education,True,337,337,23,12346625
948,99,True,education,True,694,694,7,12346626
949,199,True,education,True,315,315,87,12346627
950,31,True,education,True,164,164,12,12346628
951,30,True,education,True,525,525,0,12346629
952,111,True,education,True,2014,2014,50,12346630
953,8,True,education,True,309,309,2,12346631
954,655,True,education,True,5362,5362,272,12346632
955,12040,True,education,True,109785,109785,2320,12346633
956,31,True,education,True,314,314,5,12346634
957,376,True,education,True,2600,2600,42,12346635
958,95,True,education,True,761,761,1033,12346636
959,94,True,education,True,1020,1020,86,12346637
960,15,True,education,True,814,814,14,12346638
961,39,True,education,True,227,227,16,12346639
962,22,True,education,True,755,755,81,12346640
963,29,True,education,True,527,527,1,12346641
964,50,True,education,True,267,267,539,12346642
965,76,True,education,True,1197,1197,101,12346643
966,12,True,education,True,329,329,0,12346644
967,32,True,education,True,2457,2457,119,12346645
968,105,True,education,True,610,610,50,12346646
969,19,True,education,True,811,811,110,12346647
970,32,True,education,True,219,219,5,12346648
971,25,True,education,True,1908,1908,23,12346649
972,17,True,education,True,459,459,1,12346650
973,84,True,education,True,977,977,2,12346651
974,8,True,education,True,988,988,2,12346652
975,61,True,education,True,1913,1913,13,12346653
976,186,True,education,True,3901,3901,50,12346654
977,118,True,education,True,526,526,1,12346655
978,34,True,education,True,537,537,13,12346656
979,411,True,education,True,2324,2324,112,12346657
980,9,True,education,True,233,233,1,12346658
981,39,True,education,True,303,303,91,12346659
982,93,True,education,True,784,784,0,12346660
983,64,True,education,True,1282,1282,23,12346661
984,22,True,education,True,1212,1212,2,12346662
985,131,True,education,True,559,559,127,12346663
986,173,True,education,True,1221,1221,10,12346664
987,346,True,education,True,1771,1771,204,12346665
988,104,True,education,True,700,700,189,12346666
989,57,True,education,True,4263,4263,19,12346667
990,511,True,education,True,2906,2906,122,12346668
991,44,True,education,True,489,489,42,12346669
992,262,True,education,True,994,994,81,12346670
993,234,True,education,True,4282,4282,1361,12346671
994,461,True,education,True,3421,3421,46,12346672
995,139,True,education,True,998,998,20,12346673
996,140,True,education,True,993,993,25,12346674
997,122,True,education,True,975,975,165,12346675
998,6,True,education,True,664,664,714,12346676
999,10,True,education,True,393,393,2,12346677
1000,11,True,education,True,770,770,0,12346678
1001,0,True,education,True,0,0,0,12346679
1002,0,True,education,False,0,0,0,12346680
1003,856,True,education,True,9232,9232,976,12346681
1004,427,True,education,True,1605,1605,44,12346682
1005,102,True,education,True,487,487,933,12346683
1006,59,True,education,True,835,835,368,12346684
1007,54,True,education,True,528,528,109,12346685
1008,55,True,education,True,551,551,3,12346686
1009,156,True,education,True,971,971,344,12346687
1010,16,True,education,True,496,496,2,12346688
1011,238,True,education,True,3443,3443,605,12346689
1012,82,True,education,True,374,374,27,12346690
1013,316,True,education,True,6601,6601,10,12346691
1014,467,True,education,True,6372,6372,513,12346692
1015,237,True,education,True,3890,3890,65,12346693
1016,69,True,education,True,476,476,31,12346694
1017,15,True,education,True,234,234,15,12346695
1018,297,True,education,True,1427,1427,27,12346696
1019,30,True,education,True,372,372,16,12346697
1020,99,True,education,True,555,555,691,12346698
1021,58,True,education,True,265,265,26,12346699
1022,287,True,education,True,5343,5343,17,12346700
1023,372,True,education,True,5814,5814,16,12346701
1024,79,True,education,True,501,501,53,12346702
1025,58,True,education,True,611,611,14,12346703
1026,183,True,education,True,3803,3803,112,12346704
1027,206,True,education,True,850,850,45,12346705
1028,170,True,education,True,408,408,19,12346706
1029,137,True,education,True,881,881,97,12346707
1030,17,True,education,True,1873,1873,29,12346708
1031,314,True,education,True,3107,3107,219,12346709
1032,28,True,education,True,372,372,0,12346710
1033,94,True,education,True,680,680,534,12346711
1034,15,True,education,True,767,767,12,12346712
1035,666,False,education,True,577,577,2107,12346713
1036,136,True,education,True,1756,1756,547,12346714
1037,118,True,education,True,1231,1231,6,12346715
1038,42,True,education,True,166,166,7,12346716
1039,83,True,education,True,294,294,10,12346717
1040,197,True,education,True,1845,1845,11,12346718
1041,74,True,education,True,389,389,28,12346719
1042,30,True,education,True,524,524,194,12346720
1043,76,True,education,True,580,580,132,12346721
1044,0,True,education,False,268,268,0,12346722
1045,83,True,education,True,549,549,9,12346723
1046,101,True,education,True,478,478,23,12346724
1047,175,True,education,True,1431,1431,4,12346725
1048,7,True,education,True,379,379,7,12346726
1049,57,True,education,True,403,403,43,12346727
1050,114,True,education,True,844,844,37,12346728
1051,11,True,education,True,232,232,0,12346729
1052,1073,True,education,True,13835,13835,804,12346730
1053,52,True,education,True,231,231,8,12346731
1054,37,True,education,True,1019,1019,63,12346732
1055,34,True,education,True,296,296,34,12346733
1056,15328,False,education,True,51597,51597,8346,12346734
1057,14,True,education,True,528,528,1,12346735
1058,32,True,education,True,590,590,3,12346736
1059,10,True,education,True,297,297,9,12346737
1060,49,True,education,True,257,257,651,12346738
1061,33,True,education,True,192,192,351,12346739
1062,51,True,education,True,160,160,417,12346740
1063,146,True,education,True,1059,1059,718,12346741
1064,16,True,education,True,356,356,2,12346742
1065,150,True,education,True,561,561,22,12346743
1066,19,True,education,True,144,144,26,12346744
1067,327,True,education,True,384,384,53,12346745
1068,304,True,education,True,1715,1715,1811,12346746
1069,176,True,education,True,2388,2388,310,12346747
1070,100,True,education,True,381,381,1244,12346748
1071,287,True,education,True,1075,1075,280,12346749
1072,51,True,education,True,502,502,1,12346750
1073,50,True,education,True,375,375,14,12346751
1074,599,True,education,False,1441,1441,797,12346752
1075,29,True,education,True,1127,1127,16,12346753
1076,6,True,education,True,337,337,23,12346754
1077,99,True,education,True,694,694,7,12346755
1078,199,True,education,True,315,315,87,12346756
1079,31,True,education,True,164,164,12,12346757
1080,30,True,education,True,525,525,0,12346758
1081,111,True,education,True,2014,2014,50,12346759
1082,8,True,education,True,309,309,2,12346760
1083,655,True,education,True,5362,5362,272,12346761
1084,12040,True,education,True,109785,109785,2320,12346762
1085,31,True,education,True,314,314,5,12346763
1086,376,True,education,True,2600,2600,42,12346764
1087,95,True,education,True,761,761,1033,12346765
1088,94,True,education,True,1020,1020,86,12346766
1089,15,True,education,True,814,814,14,12346767
1090,39,True,education,True,227,227,16,12346768
1091,22,True,education,True,755,755,81,12346769
1092,29,True,education,True,527,527,1,12346770
1093,50,True,education,True,267,267,539,12346771
1094,76,True,education,True,1197,1197,101,12346772
1095,12,True,education,True,329,329,0,12346773
1096,32,True,education,True,2457,2457,119,12346774
1097,105,True,education,True,610,610,50,12346775
1098,19,True,education,True,811,811,110,12346776
1099,32,True,education,True,219,219,5,12346777
1100,25,True,education,True,1908,1908,23,12346778
1101,17,True,education,True,459,459,1,12346779
1102,84,True,education,True,977,977,2,12346780
1103,8,True,education,True,988,988,2,12346781
1104,61,True,education,True,1913,1913,13,12346782
1105,186,True,education,True,3901,3901,50,12346783
1106,118,True,education,True,526,526,1,12346784
1107,34,True,education,True,537,537,13,12346785
1108,411,True,education,True,2324,2324,112,12346786
1109,9,True,education,True,233,233,1,12346787
1110,39,True,education,True,303,303,91,12346788
1111,93,True,education,True,784,784,0,12346789
1112,64,True,education,True,1282,1282,23,12346790
1113,22,True,education,True,1212,1212,2,12346791
1114,131,True,education,True,559,559,127,12346792
1115,173,True,education,True,1221,1221,10,12346793
1116,346,True,education,True,1771,1771,204,12346794
1117,104,True,education,True,700,700,189,12346795
1118,57,True,education,True,4263,4263,19,12346796
1119,511,True,education,True,2906,2906,122,12346797
1120,44,True,education,True,489,489,42,12346798
1121,262,True,education,True,994,994,81,12346799
1122,234,True,education,True,4283,4283,1361,12346800
1123,461,True,education,True,3421,3421,46,12346801
1124,139,True,education,True,998,998,20,12346802
1125,140,True,education,True,993,993,25,12346803
1126,122,True,education,True,975,975,165,12346804
1127,6,True,education,True,664,664,714,12346805
1128,10,True,education,True,393,393,2,12346806
1129,11,True,education,True,770,770,0,12346807
1130,0,True,education,True,0,0,0,12346808
1131,0,True,education,False,0,0,0,12346809
1132,160,True,art,True,7210,7210,242,12346810
1133,24,True,art,True,717,717,1,12346811
1134,1467,True,art,True,40954,40954,915,12346812
1135,3521,True,art,True,30292,30292,1669,12346813
1136,36583,True,art,True,139457,139457,12796,12346814
1137,3830,True,art,True,33637,33637,632,12346815
1138,744,True,art,True,6126,6126,349,12346816
1139,8486,True,art,True,51039,51039,1757,12346817
1140,647,True,art,True,6595,6595,215,12346818
1141,830,True,art,True,15086,15086,494,12346819
1142,835,True,art,True,20124,20124,449,12346820
1143,44,True,art,True,6635,6635,303,12346821
1144,17,True,art,True,3672,3672,988,12346822
1145,382,True,art,True,16487,16487,5440,12346823
1146,3193,True,art,True,2942,2942,25227,12346824
1147,10727,True,art,True,38552,38552,3211,12346825
1148,567,True,art,True,8653,8653,256,12346826
1149,1101,True,art,True,8835,8835,149,12346827
1150,1,True,art,True,1234,1234,18,12346828
1151,221,True,art,True,2748,2748,55,12346829
1152,518,True,art,True,11215,11215,3163,12346830
1153,1196,True,art,True,8571,8571,30490,12346831
1154,48,True,art,True,2862,2862,1400,12346832
1155,135,True,art,True,7679,7679,736,12346833
1156,24,True,art,True,7030,7030,215,12346834
1157,33,True,art,True,9377,9377,226,12346835
1158,88,True,art,True,6724,6724,234,12346836
1159,2791,True,art,True,22660,22660,815,12346837
1160,1450,True,art,True,43004,43004,1012,12346838
1161,1566,True,art,True,7994,7994,2616,12346839
1162,166,True,art,True,3057,3057,148,12346840
1163,428,True,art,True,4745,4745,428,12346841
1164,596,True,art,True,11062,11062,256,12346842
1165,79,True,art,True,4357,4357,277,12346843
1166,1336,True,art,True,8184,8184,1160,12346844
1167,69,True,art,True,7442,7442,811,12346845
1168,580,True,art,True,5125,5125,156,12346846
1169,651,True,art,True,6127,6127,1195,12346847
1170,300,True,art,True,3212,3212,98,12346848
1171,619,True,art,True,6816,6816,179,12346849
1172,1371,True,art,True,20296,20296,370,12346850
1173,626,True,art,True,6697,6697,315,12346851
1174,8,True,art,True,3351,3351,103,12346852
1175,724,True,art,True,5026,5026,280,12346853
1176,815,True,art,True,9819,9819,300,12346854
1177,695,True,art,True,4838,4838,117,12346855
1178,875,True,art,True,10208,10208,619,12346856
1179,40,True,art,True,4027,4027,104,12346857
1180,50,True,art,True,18091,18091,777,12346858
1181,766,True,art,True,13355,13355,326,12346859
1182,320,True,art,True,8132,8132,121,12346860
1183,619,True,art,True,3922,3922,957,12346861
1184,262,True,art,True,3384,3384,60,12346862
1185,34,True,art,True,3888,3888,103,12346863
1186,52,True,art,True,5693,5693,67,12346864
1187,221,True,art,True,5852,5852,194,12346865
1188,25,True,art,True,11849,11849,390,12346866
1189,1045,True,art,True,7983,7983,56,12346867
1190,789,True,art,True,8571,8571,612,12346868
1191,145,True,art,True,3588,3588,68,12346869
1192,95,True,art,True,12128,12128,197,12346870
1193,90,True,art,True,15178,15178,1447,12346871
1194,672,True,art,True,3720,3720,6549,12346872
1195,334,True,art,True,3703,3703,152,12346873
1196,31,True,art,True,8594,8594,175,12346874
1197,167,True,art,True,2047,2047,65,12346875
1198,34,True,art,True,11981,11981,244,12346876
1199,666,True,art,True,4810,4810,131,12346877
1200,928,True,art,True,12779,12779,467,12346878
1201,2273,True,art,True,8182,8182,2041,12346879
1202,705,True,art,True,6558,6558,203,12346880
1203,163,True,art,True,3204,3204,96,12346881
1204,2074,True,art,True,15372,15372,477,12346882
1205,311,True,art,True,2119,2119,3898,12346883
1206,892,True,art,True,16526,16526,234,12346884
1207,611,True,art,True,8307,8307,598,12346885
1208,201,True,art,True,7567,7567,1903,12346886
1209,382,True,art,True,6101,6101,76,12346887
1210,254,True,art,True,3139,3139,475,12346888
1211,1028,True,art,True,4437,4437,481,12346889
1212,356,True,art,True,3620,3620,388,12346890
1213,27,True,art,True,6305,6305,979,12346891
1214,821,True,art,True,6317,6317,574,12346892
1215,122,True,art,True,3814,3814,599,12346893
1216,254,True,art,True,4843,4843,129,12346894
1217,331,True,art,True,7200,7200,189,12346895
1218,635,True,art,True,6623,6623,591,12346896
1219,405,True,art,True,19911,19911,566,12346897
1220,2967,True,art,True,8369,8369,561,12346898
1221,500,True,art,True,6556,6556,608,12346899
1222,422,True,art,True,4661,4661,197,12346900
1223,2912,True,art,True,6772,6772,252,12346901
1224,92,True,art,True,1793,1793,27,12346902
1225,51,True,art,True,7651,7651,212,12346903
1226,508,True,art,True,7710,7710,212,12346904
1227,506,True,art,True,6971,6971,1773,12346905
1228,1387,True,art,True,5123,5123,1915,12346906
1229,154,True,art,True,3320,3320,370,12346907
1230,206,True,art,True,3946,3946,230,12346908
1231,80,True,art,True,3149,3149,564,12346909
1232,655,True,art,True,7102,7102,76,12346910
1233,767,True,art,True,15820,15820,573,12346911
1234,15,True,art,True,3909,3909,220,12346912
1235,342,True,art,True,5119,5119,407,12346913
1236,937,True,art,True,3361,3361,669,12346914
1237,299,True,art,True,2486,2486,31,12346915
1238,441,True,art,True,3223,3223,652,12346916
1239,267,True,art,True,5568,5568,496,12346917
1240,1862,True,art,True,13359,13359,594,12346918
1241,788,True,art,True,5005,5005,1554,12346919
1242,131,True,art,True,3699,3699,44,12346920
1243,55,True,art,True,4155,4155,103,12346921
1244,67,True,art,True,2633,2633,68,12346922
1245,649,True,art,True,2377,2377,193,12346923
1246,741,True,art,True,11436,11436,439,12346924
1247,87,True,art,True,11079,11079,273,12346925
1248,377,True,art,True,7469,7469,739,12346926
1249,424,True,art,True,7065,7065,93,12346927
1250,638,True,art,True,3542,3542,260,12346928
1251,473,True,art,True,4176,4176,149,12346929
1252,5394,True,art,True,25099,25099,1202,12346930
1253,545,True,art,True,3678,3678,214,12346931
1254,10001,True,art,True,30620,30620,118008,12346932
1255,675,True,art,True,2285,2285,1107,12346933
1256,1192,True,art,True,16346,16346,1312,12346934
1257,40915,True,art,True,78,78,542,12346935
1258,1167,True,art,True,14740,14740,278,12346936
1259,571,True,art,True,3400,3400,592,12346937
1260,8401,True,art,True,29170,29170,1207,12346938
1261,211,True,art,True,5574,5574,187,12346939
1262,6246,True,art,True,11209,11209,2526,12346940
1263,4858,True,art,True,17397,17397,3593,12346941
1264,1348,True,art,True,2471,2471,2312,12346942
1265,421,True,art,True,4709,4709,934,12346943
1266,3101,True,art,True,10034,10034,2886,12346944
1267,744,True,art,True,2964,2964,387,12346945
1268,1433,True,art,True,2762,2762,613,12346946
1269,360,True,art,True,8697,8697,1190,12346947
1270,889,True,art,True,2813,2813,58,12346948
1271,864,True,art,True,12318,12318,295,12346949
1272,157,True,art,True,3463,3463,53,12346950
1273,1436,True,art,True,3099,3099,720,12346951
1274,100,True,art,True,1412,1412,45,12346952
1275,11,True,art,True,6552,6552,120,12346953
1276,238,True,art,True,1892,1892,98,12346954
1277,696,True,art,True,2767,2767,288,12346955
1278,1708,True,art,True,6518,6518,401,12346956
1279,4153,True,art,True,5392,5392,912,12346957
1280,1,True,art,True,0,0,1,12346958
1281,27,True,art,True,3579,3579,48,12346959
1282,494,True,art,True,4603,4603,131,12346960
1283,7145,True,art,True,11114,11114,1059,12346961
1284,4839,True,art,True,7021,7021,592,12346962
1285,346,True,art,True,3195,3195,299,12346963
1286,14794,True,art,True,42732,42732,3120,12346964
1287,96,True,art,True,2441,2441,228,12346965
1288,682,True,art,True,9848,9848,517,12346966
1289,328,True,art,True,4328,4328,2394,12346967
1290,1344,True,art,True,7748,7748,2564,12346968
1291,1473,True,art,True,5287,5287,903,12346969
1292,794,True,art,True,9532,9532,205,12346970
1293,152,True,art,True,2454,2454,23,12346971
1294,233,True,art,True,1927,1927,49,12346972
1295,13712,True,art,True,40641,40641,2520,12346973
1296,1294,True,art,True,2779,2779,1590,12346974
1297,1163,True,art,True,6482,6482,2088,12346975
1298,35,True,art,True,2864,2864,184,12346976
1299,147,True,art,True,9020,9020,4677,12346977
1300,124,True,art,True,1257,1257,41,12346978
1301,27,True,art,True,3149,3149,159,12346979
1302,274,True,art,True,4285,4285,126,12346980
1303,292,True,art,True,10718,10718,191,12346981
1304,274,True,art,True,4325,4325,232,12346982
1305,2669,True,art,True,10118,10118,1114,12346983
1306,31,True,art,True,3877,3877,427,12346984
1307,21,True,art,True,3404,3404,765,12346985
1308,679,True,art,True,3755,3755,81,12346986
1309,393,True,art,True,3973,3973,45,12346987
1310,2135,True,art,True,19781,19781,949,12346988
1311,1380,True,art,True,22836,22836,359,12346989
1312,428,True,art,True,3180,3180,1488,12346990
1313,1894,True,art,True,7772,7772,1600,12346991
1314,347,True,art,True,9341,9341,62,12346992
1315,338,True,art,True,5366,5366,116,12346993
1316,961,True,art,True,7712,7712,356,12346994
1317,1593,True,art,True,8537,8537,15770,12346995
1318,630,True,art,True,3892,3892,812,12346996
1319,360,True,art,True,7821,7821,954,12346997
1320,768,True,art,True,17049,17049,1041,12346998
1321,22,True,art,True,5236,5236,112,12346999
1322,454,True,art,True,2404,2404,299,12347000
1323,2290,True,art,True,11609,11609,1040,12347001
1324,1085,True,art,True,6808,6808,360,12347002
1325,1330,True,art,True,7750,7750,337,12347003
1326,1297,True,art,True,5041,5041,75,12347004
1327,1770,True,art,True,6558,6558,375,12347005
1328,345,True,art,True,2295,2295,78,12347006
1329,225,True,art,True,10065,10065,398,12347007
1330,200,True,art,True,6514,6514,231,12347008
1331,4385,True,art,True,17948,17948,4601,12347009
1332,868,True,art,True,3001,3001,1006,12347010
1333,443,True,art,True,3583,3583,47,12347011
1334,473,True,art,True,5456,5456,390,12347012
1335,4822,True,art,True,18226,18226,991,12347013
1336,536,True,art,True,9756,9756,124,12347014
1337,1802,True,art,True,9737,9737,201,12347015
1338,3941,True,art,False,8189,8189,2223,12347016
1339,483,True,art,True,3575,3575,644,12347017
1340,662,True,art,True,5078,5078,216,12347018
1341,1191,True,art,True,2494,2494,13582,12347019
1342,728,True,art,True,3774,3774,41,12347020
1343,1472,True,art,True,9070,9070,4080,12347021
1344,466,True,art,True,2584,2584,1992,12347022
1345,2410,True,art,True,4330,4330,537,12347023
1346,185,True,art,True,3549,3549,64,12347024
1347,356,True,art,True,2133,2133,2425,12347025
1348,521,True,art,True,2381,2381,7966,12347026
1349,35,True,art,True,6797,6797,674,12347027
1350,786,True,art,True,6348,6348,345,12347028
1351,416,True,art,True,3471,3471,304,12347029
1352,284,True,art,True,3403,3403,719,12347030
1353,782,True,art,True,2160,2160,170,12347031
1354,2009,True,art,True,5463,5463,392,12347032
1355,572,True,art,True,3623,3623,3913,12347033
1356,0,True,art,True,3,3,5,12347034
1357,1467,True,art,True,40954,40954,915,12347035
1358,3521,True,art,True,30292,30292,1669,12347036
1359,36583,True,art,True,139457,139457,12796,12347037
1360,3830,True,art,True,33639,33639,632,12347038
1361,744,True,art,True,6126,6126,349,12347039
1362,8486,True,art,True,51039,51039,1757,12347040
1363,647,True,art,True,6595,6595,215,12347041
1364,830,True,art,True,15087,15087,494,12347042
1365,835,True,art,True,20124,20124,449,12347043
1366,44,True,art,True,6636,6636,303,12347044
1367,17,True,art,True,3672,3672,988,12347045
1368,382,True,art,True,16488,16488,5440,12347046
1369,3193,True,art,True,2942,2942,25227,12347047
1370,10727,True,art,True,38552,38552,3211,12347048
1371,567,True,art,True,8653,8653,256,12347049
1372,1101,True,art,True,8835,8835,149,12347050
1373,1,True,art,True,1234,1234,18,12347051
1374,221,True,art,True,2748,2748,55,12347052
1375,518,True,art,True,11215,11215,3163,12347053
1376,1196,True,art,True,8571,8571,30490,12347054
1377,48,True,art,True,2862,2862,1400,12347055
1378,135,True,art,True,7679,7679,736,12347056
1379,24,True,art,True,7030,7030,215,12347057
1380,33,True,art,True,9377,9377,226,12347058
1381,88,True,art,True,6724,6724,234,12347059
1382,2791,True,art,True,22660,22660,815,12347060
1383,1450,True,art,True,43004,43004,1012,12347061
1384,1566,True,art,True,7994,7994,2616,12347062
1385,166,True,art,True,3057,3057,148,12347063
1386,428,True,art,True,4746,4746,428,12347064
1387,596,True,art,True,11062,11062,256,12347065
1388,79,True,art,True,4357,4357,277,12347066
1389,1336,True,art,True,8184,8184,1160,12347067
1390,69,True,art,True,7442,7442,811,12347068
1391,580,True,art,True,5125,5125,156,12347069
1392,651,True,art,True,6127,6127,1195,12347070
1393,300,True,art,True,3212,3212,98,12347071
1394,619,True,art,True,6816,6816,179,12347072
1395,1371,True,art,True,20296,20296,370,12347073
1396,626,True,art,True,6697,6697,315,12347074
1397,8,True,art,True,3351,3351,103,12347075
1398,724,True,art,True,5026,5026,280,12347076
1399,815,True,art,True,9819,9819,300,12347077
1400,695,True,art,True,4838,4838,117,12347078
1401,875,True,art,True,10208,10208,619,12347079
1402,40,True,art,True,4028,4028,104,12347080
1403,50,True,art,True,18091,18091,778,12347081
1404,766,True,art,True,13355,13355,326,12347082
1405,320,True,art,True,8132,8132,121,12347083
1406,619,True,art,True,3922,3922,957,12347084
1407,262,True,art,True,3384,3384,60,12347085
1408,34,True,art,True,3888,3888,103,12347086
1409,52,True,art,True,5693,5693,67,12347087
1410,221,True,art,True,5852,5852,194,12347088
1411,25,True,art,True,11849,11849,390,12347089
1412,1045,True,art,True,7983,7983,56,12347090
1413,789,True,art,True,8571,8571,612,12347091
1414,145,True,art,True,3588,3588,68,12347092
1415,95,True,art,True,12128,12128,197,12347093
1416,90,True,art,True,15178,15178,1447,12347094
1417,672,True,art,True,3720,3720,6549,12347095
1418,334,True,art,True,3703,3703,152,12347096
1419,31,True,art,True,8594,8594,175,12347097
1420,167,True,art,True,2047,2047,65,12347098
1421,34,True,art,True,11981,11981,244,12347099
1422,666,True,art,True,4810,4810,131,12347100
1423,928,True,art,True,12779,12779,467,12347101
1424,2273,True,art,True,8182,8182,2041,12347102
1425,705,True,art,True,6558,6558,203,12347103
1426,163,True,art,True,3204,3204,96,12347104
1427,2074,True,art,True,15372,15372,477,12347105
1428,311,True,art,True,2119,2119,3898,12347106
1429,892,True,art,True,16526,16526,234,12347107
1430,611,True,art,True,8307,8307,598,12347108
1431,201,True,art,True,7567,7567,1903,12347109
1432,382,True,art,True,6101,6101,76,12347110
1433,254,True,art,True,3139,3139,475,12347111
1434,1028,True,art,True,4437,4437,481,12347112
1435,356,True,art,True,3620,3620,388,12347113
1436,27,True,art,True,6305,6305,979,12347114
1437,821,True,art,True,6317,6317,574,12347115
1438,122,True,art,True,3814,3814,599,12347116
1439,254,True,art,True,4843,4843,129,12347117
1440,331,True,art,True,7200,7200,189,12347118
1441,635,True,art,True,6623,6623,591,12347119
1442,405,True,art,True,19911,19911,566,12347120
1443,2967,True,art,True,8370,8370,561,12347121
1444,500,True,art,True,6556,6556,608,12347122
1445,422,True,art,True,4661,4661,197,12347123
1446,2912,True,art,True,6772,6772,252,12347124
1447,92,True,art,True,1793,1793,27,12347125
1448,51,True,art,True,7651,7651,212,12347126
1449,508,True,art,True,7710,7710,212,12347127
1450,506,True,art,True,6971,6971,1773,12347128
1451,1387,True,art,True,5123,5123,1915,12347129
1452,154,True,art,True,3320,3320,370,12347130
1453,206,True,art,True,3946,3946,230,12347131
1454,80,True,art,True,3149,3149,564,12347132
1455,655,True,art,True,7102,7102,76,12347133
1456,767,True,art,True,15820,15820,573,12347134
1457,15,True,art,True,3909,3909,220,12347135
1458,342,True,art,True,5119,5119,407,12347136
1459,937,True,art,True,3361,3361,669,12347137
1460,299,True,art,True,2486,2486,31,12347138
1461,441,True,art,True,3223,3223,652,12347139
1462,267,True,art,True,5568,5568,496,12347140
1463,1862,True,art,True,13359,13359,594,12347141
1464,788,True,art,True,5006,5006,1554,12347142
1465,131,True,art,True,3700,3700,44,12347143
1466,55,True,art,True,4155,4155,103,12347144
1467,67,True,art,True,2633,2633,68,12347145
1468,649,True,art,True,2377,2377,193,12347146
1469,741,True,art,True,11436,11436,439,12347147
1470,87,True,art,True,11079,11079,273,12347148
1471,377,True,art,True,7469,7469,739,12347149
1472,424,True,art,True,7065,7065,93,12347150
1473,638,True,art,True,3542,3542,260,12347151
1474,473,True,art,True,4176,4176,149,12347152
1475,5394,True,art,True,25099,25099,1202,12347153
1476,545,True,art,True,3678,3678,214,12347154
1477,10001,True,art,True,30620,30620,118008,12347155
1478,675,True,art,True,2285,2285,1107,12347156
1479,1192,True,art,True,16346,16346,1312,12347157
1480,40915,True,art,True,78,78,542,12347158
1481,1167,True,art,True,14740,14740,278,12347159
1482,571,True,art,True,3401,3401,592,12347160
1483,8401,True,art,True,29170,29170,1207,12347161
1484,211,True,art,True,5574,5574,187,12347162
1485,6246,True,art,True,11209,11209,2526,12347163
1486,4858,True,art,True,17397,17397,3593,12347164
1487,1348,True,art,True,2471,2471,2312,12347165
1488,421,True,art,True,4710,4710,934,12347166
1489,3101,True,art,True,10034,10034,2886,12347167
1490,744,True,art,True,2964,2964,387,12347168
1491,1433,True,art,True,2762,2762,613,12347169
1492,360,True,art,True,8697,8697,1190,12347170
1493,889,True,art,True,2813,2813,58,12347171
1494,864,True,art,True,12318,12318,295,12347172
1495,157,True,art,True,3463,3463,53,12347173
1496,1436,True,art,True,3099,3099,720,12347174
1497,100,True,art,True,1412,1412,45,12347175
1498,11,True,art,True,6552,6552,120,12347176
1499,238,True,art,True,1892,1892,98,12347177
1500,696,True,art,True,2767,2767,288,12347178
1501,1708,True,art,True,6518,6518,401,12347179
1502,4153,True,art,True,5392,5392,912,12347180
1503,1,True,art,True,0,0,1,12347181
1504,27,True,art,True,3579,3579,48,12347182
1505,494,True,art,True,4603,4603,131,12347183
1506,7145,True,art,True,11114,11114,1059,12347184
1507,4839,True,art,True,7021,7021,591,12347185
1508,346,True,art,True,3195,3195,299,12347186
1509,14794,True,art,True,42732,42732,3120,12347187
1510,96,True,art,True,2441,2441,228,12347188
1511,682,True,art,True,9848,9848,517,12347189
1512,328,True,art,True,4328,4328,2394,12347190
1513,1344,True,art,True,7748,7748,2564,12347191
1514,1473,True,art,True,5287,5287,903,12347192
1515,794,True,art,True,9532,9532,205,12347193
1516,152,True,art,True,2454,2454,23,12347194
1517,233,True,art,True,1927,1927,49,12347195
1518,13713,True,art,True,40641,40641,2520,12347196
1519,1294,True,art,True,2779,2779,1590,12347197
1520,1163,True,art,True,6482,6482,2088,12347198
1521,35,True,art,True,2864,2864,184,12347199
1522,147,True,art,True,9020,9020,4677,12347200
1523,124,True,art,True,1257,1257,41,12347201
1524,27,True,art,True,3149,3149,159,12347202
1525,274,True,art,True,4285,4285,126,12347203
1526,292,True,art,True,10718,10718,191,12347204
1527,274,True,art,True,4325,4325,232,12347205
1528,2669,True,art,True,10118,10118,1114,12347206
1529,31,True,art,True,3877,3877,427,12347207
1530,21,True,art,True,3404,3404,765,12347208
1531,679,True,art,True,3756,3756,81,12347209
1532,393,True,art,True,3973,3973,45,12347210
1533,2135,True,art,True,19781,19781,949,12347211
1534,1380,True,art,True,22836,22836,359,12347212
1535,428,True,art,True,3180,3180,1488,12347213
1536,1894,True,art,True,7772,7772,1600,12347214
1537,347,True,art,True,9341,9341,62,12347215
1538,338,True,art,True,5366,5366,116,12347216
1539,961,True,art,True,7712,7712,356,12347217
1540,1593,True,art,True,8537,8537,15770,12347218
1541,630,True,art,True,3892,3892,812,12347219
1542,360,True,art,True,7821,7821,954,12347220
1543,768,True,art,True,17049,17049,1041,12347221
1544,22,True,art,True,5236,5236,112,12347222
1545,454,True,art,True,2404,2404,299,12347223
1546,2290,True,art,True,11609,11609,1040,12347224
1547,1085,True,art,True,6808,6808,360,12347225
1548,1330,True,art,True,7750,7750,337,12347226
1549,1297,True,art,True,5042,5042,75,12347227
1550,1770,True,art,True,6558,6558,375,12347228
1551,345,True,art,True,2295,2295,78,12347229
1552,225,True,art,True,10065,10065,398,12347230
1553,200,True,art,True,6514,6514,231,12347231
1554,4385,True,art,True,17948,17948,4601,12347232
1555,868,True,art,True,3001,3001,1006,12347233
1556,443,True,art,True,3583,3583,47,12347234
1557,473,True,art,True,5456,5456,390,12347235
1558,4822,True,art,True,18226,18226,991,12347236
1559,536,True,art,True,9756,9756,124,12347237
1560,1802,True,art,True,9737,9737,201,12347238
1561,3941,True,art,False,8189,8189,2223,12347239
1562,483,True,art,True,3575,3575,644,12347240
1563,662,True,art,True,5078,5078,216,12347241
1564,1191,True,art,True,2494,2494,13582,12347242
1565,728,True,art,True,3774,3774,41,12347243
1566,1472,True,art,True,9070,9070,4080,12347244
1567,466,True,art,True,2584,2584,1992,12347245
1568,2410,True,art,True,4330,4330,537,12347246
1569,185,True,art,True,3549,3549,64,12347247
1570,356,True,art,True,2133,2133,2425,12347248
1571,521,True,art,True,2381,2381,7966,12347249
1572,35,True,art,True,6797,6797,674,12347250
1573,786,True,art,True,6348,6348,345,12347251
1574,416,True,art,True,3471,3471,304,12347252
1575,284,True,art,True,3403,3403,719,12347253
1576,782,True,art,True,2160,2160,170,12347254
1577,2009,True,art,True,5463,5463,392,12347255
1578,572,True,art,True,3623,3623,3913,12347256
1579,0,True,art,True,3,3,5,12347257
1580,160,True,music,True,7210,7210,242,12347258
1581,24,True,music,True,717,717,1,12347259
1582,3911,True,music,True,43553,43553,3969,12347260
1583,6475,True,music,True,13906,13906,1111,12347261
1584,5009,True,music,True,68182,68182,3506,12347262
1585,78,True,music,True,20553,20553,1125,12347263
1586,2992,True,music,True,31446,31446,1139,12347264
1587,8106,True,music,True,13134,13134,33754,12347265
1588,228,True,music,True,21322,21322,817,12347266
1589,5382,True,music,True,7153,7153,1474,12347267
1590,4721,True,music,True,21835,21835,716,12347268
1591,2057,True,music,True,39738,39738,240,12347269
1592,913,True,music,True,13135,13135,1161,12347270
1593,1525,True,music,True,27587,27587,289,12347271
1594,1975,True,music,True,30682,30682,312,12347272
1595,19966,True,music,True,29935,29935,6198,12347273
1596,1869,True,music,True,39703,39703,360,12347274
1597,1767,True,music,True,32733,32733,823,12347275
1598,1723,True,music,True,21862,21862,292,12347276
1599,2304,True,music,True,42326,42326,357,12347277
1600,4049,True,music,True,19682,19682,7238,12347278
1601,5383,True,music,True,26844,26844,7779,12347279
1602,1463,True,music,True,20943,20943,227,12347280
1603,9493,True,music,True,22137,22137,2486,12347281
1604,2656,True,music,True,57030,57030,1488,12347282
1605,1237,True,music,True,33817,33817,854,12347283
1606,5557,True,music,True,41135,41135,3978,12347284
1607,2180,True,music,True,6769,6769,707,12347285
1608,22666,True,music,True,57812,57812,6378,12347286
1609,12236,True,music,True,13302,13302,6471,12347287
1610,716,True,music,True,29432,29432,381,12347288
1611,2558,True,music,True,38907,38907,789,12347289
1612,6790,True,music,True,15612,15612,351,12347290
1613,2475,True,music,True,19616,19616,1843,12347291
1614,14899,True,music,True,41525,41525,6225,12347292
1615,1484,True,music,True,33097,33097,461,12347293
1616,1064,True,music,True,9325,9325,27106,12347294
1617,5154,True,music,False,34127,34127,2522,12347295
1618,4566,True,music,True,32045,32045,4253,12347296
1619,1113,True,music,True,28742,28742,372,12347297
1620,10001,True,music,True,30620,30620,118008,12347298
1621,1196,True,music,True,8571,8571,30490,12347299
1622,1778,True,music,True,27226,27226,1065,12347300
1623,434,True,music,True,4614,4614,18268,12347301
1624,8790,True,music,True,11581,11581,4793,12347302
1625,2198,True,music,True,56031,56031,924,12347303
1626,19862,True,music,True,236386,236386,6599,12347304
1627,8401,True,music,True,29170,29170,1207,12347305
1628,2042,True,music,True,26582,26582,632,12347306
1629,68,True,music,True,6876,6876,93,12347307
1630,4858,True,music,True,17397,17397,3593,12347308
1631,7329,True,music,True,24703,24703,758,12347309
1632,5326,True,music,True,13656,13656,3035,12347310
1633,1884,True,music,True,4912,4912,241,12347311
1634,5789,True,music,True,19439,19439,1153,12347312
1635,4140,True,music,True,23254,23254,1362,12347313
1636,1102,True,music,True,19550,19550,364,12347314
1637,1344,True,music,True,7748,7748,2564,12347315
1638,680,True,music,True,4543,4543,484,12347316
1639,3730,True,music,True,27063,27063,1479,12347317
1640,6985,True,music,True,16803,16803,10640,12347318
1641,9485,True,music,True,18629,18629,6095,12347319
1642,68,True,music,True,10707,10707,903,12347320
1643,4385,True,music,True,17948,17948,4601,12347321
1644,2054,True,music,True,6187,6187,517,12347322
1645,2046,True,music,True,4672,4672,390,12347323
1646,540,True,music,True,5378,5378,334,12347324
1647,2527,True,music,True,9345,9345,1079,12347325
1648,3123,True,music,True,5334,5334,6958,12347326
1649,1305,True,music,True,17100,17100,1229,12347327
1650,1047,True,music,True,11978,11978,2731,12347328
1651,720,True,music,True,5528,5528,294,12347329
1652,824,True,music,True,8943,8943,783,12347330
1653,902,True,music,True,14632,14632,198,12347331
1654,1795,True,music,True,17360,17360,254,12347332
1655,32,True,music,True,12118,12118,223,12347333
1656,638,True,music,True,3782,3782,68,12347334
1657,295,True,music,True,6010,6010,194,12347335
1658,526,True,music,True,10251,10251,410,12347336
1659,1350,True,music,True,17594,17594,194,12347337
1660,2498,True,music,True,7836,7836,773,12347338
1661,909,True,music,True,3381,3381,1171,12347339
1662,28,True,music,True,5289,5289,151,12347340
1663,920,True,music,True,17254,17254,128,12347341
1664,1378,True,music,True,11033,11033,125,12347342
1665,174,True,music,True,4798,4798,196,12347343
1666,426,True,music,True,4420,4420,818,12347344
1667,954,True,music,True,2654,2654,655,12347345
1668,3776,True,music,True,9813,9813,1384,12347346
1669,2206,True,music,True,4364,4364,143,12347347
1670,2830,True,music,True,17135,17135,1538,12347348
1671,388,True,music,True,13369,13369,101,12347349
1672,647,True,music,True,10141,10141,249,12347350
1673,1261,True,music,True,14508,14508,173,12347351
1674,5215,True,music,True,46869,46869,1270,12347352
1675,1950,True,music,True,9536,9536,4107,12347353
1676,371,True,music,True,16339,16339,83,12347354
1677,242,True,music,True,8860,8860,101,12347355
1678,3808,True,music,True,8190,8190,2482,12347356
1679,2238,True,music,True,8738,8738,859,12347357
1680,305,True,music,True,14085,14085,88,12347358
1681,886,True,music,True,10979,10979,1235,12347359
1682,1181,True,music,True,7255,7255,11788,12347360
1683,1922,True,music,True,8134,8134,400,12347361
1684,1144,True,music,True,15894,15894,189,12347362
1685,1965,True,music,True,16219,16219,389,12347363
1686,4894,True,music,True,13510,13510,881,12347364
1687,411,True,music,True,4915,4915,335,12347365
1688,530,True,music,True,8394,8394,80,12347366
1689,1142,True,music,True,4507,4507,5490,12347367
1690,3101,True,music,True,10034,10034,2886,12347368
1691,963,True,music,True,9772,9772,383,12347369
1692,1579,True,music,True,14475,14475,1507,12347370
1693,604,True,music,True,15694,15694,198,12347371
1694,862,True,music,True,9939,9939,722,12347372
1695,1708,True,music,True,6518,6518,401,12347373
1696,1196,True,music,True,12117,12117,1191,12347374
1697,6246,True,music,True,11209,11209,2526,12347375
1698,4901,True,music,True,12199,12199,402,12347376
1699,672,True,music,True,8519,8519,254,12347377
1700,4532,True,music,True,7518,7518,1108,12347378
1701,2251,True,music,True,9362,9362,2810,12347379
1702,2540,True,music,True,8273,8273,1340,12347380
1703,1474,True,music,True,7141,7141,472,12347381
1704,1372,True,music,True,6876,6876,320,12347382
1705,7145,True,music,True,11114,11114,1059,12347383
1706,1184,True,music,True,11678,11678,153,12347384
1707,4839,True,music,True,7021,7021,591,12347385
1708,2677,True,music,True,8012,8012,845,12347386
1709,1163,True,music,True,5010,5010,302,12347387
1710,1901,True,music,True,18698,18698,352,12347388
1711,884,True,music,True,5692,5692,242,12347389
1712,2844,True,music,True,14470,14470,186,12347390
1713,1775,True,music,True,12432,12432,743,12347391
1714,1360,True,music,True,19643,19643,188,12347392
1715,297,True,music,True,2196,2196,17,12347393
1716,201,True,music,True,8349,8349,110,12347394
1717,558,True,music,True,7128,7128,1716,12347395
1718,705,True,music,True,6558,6558,203,12347396
1719,3180,True,music,True,13834,13834,4402,12347397
1720,5101,True,music,True,14865,14865,496,12347398
1721,4858,True,music,True,8445,8445,3142,12347399
1722,1673,True,music,True,5050,5050,2438,12347400
1723,1198,True,music,True,15240,15240,536,12347401
1724,2669,True,music,True,10118,10118,1114,12347402
1725,222,True,music,True,12488,12488,1593,12347403
1726,2855,True,music,True,14423,14423,1434,12347404
1727,1509,True,music,True,21399,21399,532,12347405
1728,3584,True,music,True,9226,9226,1125,12347406
1729,2802,True,music,True,10567,10567,3372,12347407
1730,708,True,music,True,25560,25560,465,12347408
1731,2273,True,music,True,8182,8182,2041,12347409
1732,1638,True,music,True,7093,7093,1078,12347410
1733,709,True,music,True,6376,6376,150,12347411
1734,723,True,music,True,7013,7013,234,12347412
1735,751,True,music,True,6315,6315,123,12347413
1736,2627,True,music,True,7676,7676,1586,12347414
1737,1659,True,music,True,4083,4083,644,12347415
1738,651,True,music,True,4314,4314,74,12347416
1739,1467,True,music,True,6009,6009,465,12347417
1740,1113,True,music,True,7057,7057,1321,12347418
1741,1795,True,music,True,8090,8090,156,12347419
1742,742,True,music,True,3296,3296,2639,12347420
1743,3696,True,music,True,4433,4433,301,12347421
1744,2105,True,music,True,16296,16296,1857,12347422
1745,919,True,music,True,12424,12424,671,12347423
1746,1225,True,music,True,5155,5155,261,12347424
1747,772,True,music,True,8307,8307,229,12347425
1748,650,True,music,True,6560,6560,175,12347426
1749,1934,True,music,True,9368,9368,2472,12347427
1750,1501,True,music,True,6736,6736,1376,12347428
1751,2294,True,music,True,3676,3676,404,12347429
1752,3375,True,music,True,7187,7187,4780,12347430
1753,104,True,music,True,19973,19973,243,12347431
1754,67,True,music,True,8771,8771,177,12347432
1755,1455,True,music,True,6669,6669,464,12347433
1756,2075,True,music,True,8770,8770,1622,12347434
1757,1434,True,music,True,4406,4406,8318,12347435
1758,1531,True,music,True,16207,16207,229,12347436
1759,27,True,music,True,5270,5270,66,12347437
1760,2439,True,music,True,5005,5005,772,12347438
1761,768,True,music,True,17049,17049,1041,12347439
1762,2093,True,music,True,6242,6242,348,12347440
1763,3771,True,music,True,6738,6738,415,12347441
1764,317,True,music,True,7733,7733,57,12347442
1765,1360,True,music,True,7526,7526,767,12347443
1766,1205,True,music,True,17561,17561,337,12347444
1767,526,True,music,True,10550,10550,130,12347445
1768,282,True,music,True,11568,11568,118,12347446
1769,271,True,music,True,9244,9244,66,12347447
1770,224,True,music,True,2998,2998,393,12347448
1771,1596,True,music,True,13584,13584,721,12347449
1772,748,True,music,True,5760,5760,102,12347450
1773,620,True,music,True,7579,7579,58,12347451
1774,270,True,music,True,14362,14362,72,12347452
1775,1318,True,music,True,9399,9399,236,12347453
1776,867,True,music,True,6325,6325,158,12347454
1777,1151,True,music,True,5088,5088,534,12347455
1778,291,True,music,True,8149,8149,228,12347456
1779,3046,True,music,True,9420,9420,4718,12347457
1780,487,True,music,True,2347,2347,130,12347458
1781,105,True,music,True,3226,3226,71,12347459
1782,469,True,music,True,2660,2660,72,12347460
1783,618,True,music,True,7749,7749,238,12347461
1784,965,True,music,True,13022,13022,234,12347462
1785,419,True,music,True,7074,7074,138,12347463
1786,1134,True,music,True,5643,5643,98,12347464
1787,389,True,music,True,1571,1571,73,12347465
1788,216,True,music,True,2723,2723,28,12347466
1789,187,True,music,True,2112,2112,86,12347467
1790,17,True,music,True,6550,6550,117,12347468
1791,357,True,music,True,5047,5047,60,12347469
1792,1143,True,music,True,6700,6700,472,12347470
1793,559,True,music,True,1467,1467,98,12347471
1794,526,True,music,True,4864,4864,29,12347472
1795,268,True,music,True,4053,4053,189,12347473
1796,144,True,music,True,8210,8210,461,12347474
1797,2000,True,music,True,4625,4625,389,12347475
1798,1820,True,music,True,10250,10250,201,12347476
1799,1808,True,music,True,14287,14287,123,12347477
1800,2727,True,music,True,9627,9627,863,12347478
1801,673,True,music,True,4599,4599,105,12347479
1802,532,True,music,True,4796,4796,31,12347480
1803,918,True,music,True,4211,4211,39,12347481
1804,1721,True,music,True,3544,3544,370,12347482
1805,1073,True,music,True,5229,5229,363,12347483
1806,1369,True,music,True,8352,8352,1640,12347484
1807,560,True,music,True,4649,4649,205,12347485
1808,137,True,music,True,7142,7142,122,12347486
1809,743,True,music,True,13857,13857,294,12347487
1810,254,True,music,True,42981,42981,1238,12347488
1811,518,True,music,True,11215,11215,3162,12347489
1812,1628,True,music,True,17812,17812,343,12347490
1813,315,True,music,True,9803,9803,492,12347491
1814,30,True,music,True,10403,10403,143,12347492
1815,658,True,music,True,19857,19857,574,12347493
1816,22,True,music,True,5236,5236,112,12347494
1817,361,True,music,True,5959,5959,163,12347495
1818,577,True,music,True,12581,12581,673,12347496
1819,543,True,music,True,2205,2205,120,12347497
1820,246,True,music,True,5882,5882,223,12347498
1821,0,True,music,True,0,0,0,12347499
1822,1964,True,music,True,23106,23106,748,12347500
1823,0,True,music,True,0,0,0,12347501
1824,3911,True,music,True,43553,43553,3969,12347502
1825,6475,True,music,True,13906,13906,1111,12347503
1826,5009,True,music,True,68182,68182,3506,12347504
1827,78,True,music,True,20554,20554,1125,12347505
1828,2992,True,music,True,31446,31446,1139,12347506
1829,8106,True,music,True,13134,13134,33754,12347507
1830,228,True,music,True,21322,21322,817,12347508
1831,5382,True,music,True,7153,7153,1474,12347509
1832,4721,True,music,True,21835,21835,716,12347510
1833,2057,True,music,True,39738,39738,240,12347511
1834,913,True,music,True,13137,13137,1161,12347512
1835,1525,True,music,True,27587,27587,289,12347513
1836,1975,True,music,True,30682,30682,312,12347514
1837,19966,True,music,True,29935,29935,6198,12347515
1838,1869,True,music,True,39703,39703,360,12347516
1839,1767,True,music,True,32733,32733,823,12347517
1840,1723,True,music,True,21863,21863,292,12347518
1841,2304,True,music,True,42326,42326,357,12347519
1842,4049,True,music,True,19682,19682,7238,12347520
1843,5383,True,music,True,26843,26843,7779,12347521
1844,1463,True,music,True,20944,20944,227,12347522
1845,9493,True,music,True,22137,22137,2486,12347523
1846,2656,True,music,True,57030,57030,1488,12347524
1847,1237,True,music,True,33817,33817,854,12347525
1848,5557,True,music,True,41138,41138,3978,12347526
1849,2180,True,music,True,6769,6769,707,12347527
1850,22666,True,music,True,57812,57812,6378,12347528
1851,12236,True,music,True,13302,13302,6471,12347529
1852,716,True,music,True,29432,29432,381,12347530
1853,2558,True,music,True,38907,38907,789,12347531
1854,6790,True,music,True,15612,15612,351,12347532
1855,2475,True,music,True,19616,19616,1843,12347533
1856,14899,True,music,True,41525,41525,6225,12347534
1857,1484,True,music,True,33097,33097,461,12347535
1858,1064,True,music,True,9325,9325,27106,12347536
1859,5154,True,music,False,34127,34127,2522,12347537
1860,4566,True,music,True,32045,32045,4253,12347538
1861,1113,True,music,True,28742,28742,372,12347539
1862,10002,True,music,True,30619,30619,118008,12347540
1863,1196,True,music,True,8571,8571,30490,12347541
1864,1778,True,music,True,27226,27226,1065,12347542
1865,434,True,music,True,4614,4614,18268,12347543
1866,8790,True,music,True,11581,11581,4793,12347544
1867,2198,True,music,True,56031,56031,924,12347545
1868,19862,True,music,True,236386,236386,6599,12347546
1869,8401,True,music,True,29170,29170,1207,12347547
1870,2042,True,music,True,26582,26582,632,12347548
1871,68,True,music,True,6876,6876,93,12347549
1872,4858,True,music,True,17397,17397,3593,12347550
1873,7329,True,music,True,24703,24703,758,12347551
1874,5326,True,music,True,13656,13656,3035,12347552
1875,1884,True,music,True,4912,4912,241,12347553
1876,5789,True,music,True,19441,19441,1153,12347554
1877,4141,True,music,True,23253,23253,1362,12347555
1878,1102,True,music,True,19550,19550,364,12347556
1879,1345,True,music,True,7747,7747,2564,12347557
1880,680,True,music,True,4543,4543,484,12347558
1881,3730,True,music,True,27063,27063,1479,12347559
1882,6985,True,music,True,16803,16803,10640,12347560
1883,9485,True,music,True,18629,18629,6095,12347561
1884,68,True,music,True,10707,10707,903,12347562
1885,4385,True,music,True,17948,17948,4601,12347563
1886,2054,True,music,True,6187,6187,517,12347564
1887,2046,True,music,True,4674,4674,390,12347565
1888,540,True,music,True,5378,5378,334,12347566
1889,2527,True,music,True,9345,9345,1079,12347567
1890,3123,True,music,True,5334,5334,6958,12347568
1891,1305,True,music,True,17101,17101,1229,12347569
1892,1047,True,music,True,11978,11978,2731,12347570
1893,720,True,music,True,5528,5528,294,12347571
1894,824,True,music,True,8943,8943,783,12347572
1895,902,True,music,True,14632,14632,198,12347573
1896,1795,True,music,True,17360,17360,254,12347574
1897,32,True,music,True,12118,12118,223,12347575
1898,638,True,music,True,3782,3782,68,12347576
1899,295,True,music,True,6010,6010,194,12347577
1900,526,True,music,True,10251,10251,410,12347578
1901,1350,True,music,True,17594,17594,194,12347579
1902,2499,True,music,True,7838,7838,773,12347580
1903,909,True,music,True,3381,3381,1171,12347581
1904,28,True,music,True,5289,5289,151,12347582
1905,920,True,music,True,17254,17254,128,12347583
1906,1378,True,music,True,11033,11033,125,12347584
1907,174,True,music,True,4798,4798,196,12347585
1908,426,True,music,True,4420,4420,818,12347586
1909,954,True,music,True,2654,2654,655,12347587
1910,3776,True,music,True,9813,9813,1384,12347588
1911,2206,True,music,True,4364,4364,143,12347589
1912,2830,True,music,True,17135,17135,1538,12347590
1913,388,True,music,True,13369,13369,101,12347591
1914,647,True,music,True,10141,10141,249,12347592
1915,1261,True,music,True,14508,14508,173,12347593
1916,5215,True,music,True,46869,46869,1270,12347594
1917,1950,True,music,True,9536,9536,4107,12347595
1918,371,True,music,True,16339,16339,83,12347596
1919,242,True,music,True,8860,8860,101,12347597
1920,3808,True,music,True,8190,8190,2482,12347598
1921,2238,True,music,True,8739,8739,859,12347599
1922,305,True,music,True,14085,14085,88,12347600
1923,886,True,music,True,10979,10979,1235,12347601
1924,1181,True,music,True,7255,7255,11788,12347602
1925,1922,True,music,True,8134,8134,400,12347603
1926,1144,True,music,True,15894,15894,189,12347604
1927,1965,True,music,True,16219,16219,389,12347605
1928,4894,True,music,True,13510,13510,881,12347606
1929,411,True,music,True,4915,4915,335,12347607
1930,530,True,music,True,8395,8395,80,12347608
1931,1142,True,music,True,4507,4507,5490,12347609
1932,3101,True,music,True,10034,10034,2886,12347610
1933,963,True,music,True,9772,9772,383,12347611
1934,1579,True,music,True,14475,14475,1507,12347612
1935,604,True,music,True,15694,15694,198,12347613
1936,862,True,music,True,9939,9939,722,12347614
1937,1708,True,music,True,6518,6518,401,12347615
1938,1196,True,music,True,12117,12117,1191,12347616
1939,6246,True,music,True,11209,11209,2526,12347617
1940,4901,True,music,True,12199,12199,402,12347618
1941,672,True,music,True,8519,8519,254,12347619
1942,4532,True,music,True,7518,7518,1108,12347620
1943,2251,True,music,True,9362,9362,2810,12347621
1944,2540,True,music,True,8273,8273,1340,12347622
1945,1474,True,music,True,7141,7141,472,12347623
1946,1372,True,music,True,6877,6877,320,12347624
1947,7145,True,music,True,11114,11114,1059,12347625
1948,1184,True,music,True,11678,11678,153,12347626
1949,4839,True,music,True,7021,7021,591,12347627
1950,2677,True,music,True,8013,8013,844,12347628
1951,1163,True,music,True,5010,5010,302,12347629
1952,1901,True,music,True,18698,18698,352,12347630
1953,884,True,music,True,5692,5692,242,12347631
1954,2844,True,music,True,14470,14470,186,12347632
1955,1775,True,music,True,12432,12432,743,12347633
1956,1360,True,music,True,19643,19643,188,12347634
1957,297,True,music,True,2196,2196,17,12347635
1958,201,True,music,True,8349,8349,110,12347636
1959,558,True,music,True,7128,7128,1716,12347637
1960,705,True,music,True,6558,6558,203,12347638
1961,3180,True,music,True,13834,13834,4402,12347639
1962,5101,True,music,True,14865,14865,496,12347640
1963,4858,True,music,True,8445,8445,3142,12347641
1964,1673,True,music,True,5050,5050,2438,12347642
1965,1198,True,music,True,15240,15240,536,12347643
1966,2669,True,music,True,10118,10118,1114,12347644
1967,222,True,music,True,12488,12488,1593,12347645
1968,2855,True,music,True,14423,14423,1434,12347646
1969,1509,True,music,True,21399,21399,532,12347647
1970,3584,True,music,True,9226,9226,1125,12347648
1971,2802,True,music,True,10567,10567,3372,12347649
1972,708,True,music,True,25560,25560,465,12347650
1973,2273,True,music,True,8182,8182,2041,12347651
1974,1638,True,music,True,7093,7093,1078,12347652
1975,709,True,music,True,6376,6376,150,12347653
1976,723,True,music,True,7014,7014,234,12347654
1977,751,True,music,True,6315,6315,123,12347655
1978,2627,True,music,True,7676,7676,1586,12347656
1979,1659,True,music,True,4083,4083,644,12347657
1980,651,True,music,True,4314,4314,74,12347658
1981,1467,True,music,True,6009,6009,465,12347659
1982,1113,True,music,True,7057,7057,1321,12347660
1983,1795,True,music,True,8090,8090,156,12347661
1984,742,True,music,True,3296,3296,2639,12347662
1985,3696,True,music,True,4433,4433,301,12347663
1986,2105,True,music,True,16296,16296,1857,12347664
1987,919,True,music,True,12424,12424,671,12347665
1988,1225,True,music,True,5155,5155,261,12347666
1989,772,True,music,True,8307,8307,229,12347667
1990,650,True,music,True,6560,6560,175,12347668
1991,1934,True,music,True,9368,9368,2472,12347669
1992,1501,True,music,True,6736,6736,1376,12347670
1993,2294,True,music,True,3676,3676,404,12347671
1994,3375,True,music,True,7187,7187,4780,12347672
1995,104,True,music,True,19973,19973,243,12347673
1996,67,True,music,True,8771,8771,177,12347674
1997,1455,True,music,True,6669,6669,464,12347675
1998,2075,True,music,True,8770,8770,1622,12347676
1999,1434,True,music,True,4406,4406,8318,12347677
2000,1531,True,music,True,16207,16207,229,12347678
2001,27,True,music,True,5270,5270,66,12347679
2002,2439,True,music,True,5006,5006,771,12347680
2003,768,True,music,True,17049,17049,1041,12347681
2004,2093,True,music,True,6242,6242,348,12347682
2005,3771,True,music,True,6738,6738,415,12347683
2006,317,True,music,True,7733,7733,57,12347684
2007,1360,True,music,True,7527,7527,767,12347685
2008,1205,True,music,True,17561,17561,337,12347686
2009,526,True,music,True,10550,10550,130,12347687
2010,282,True,music,True,11568,11568,118,12347688
2011,271,True,music,True,9244,9244,66,12347689
2012,224,True,music,True,2998,2998,393,12347690
2013,1596,True,music,True,13584,13584,721,12347691
2014,748,True,music,True,5760,5760,102,12347692
2015,620,True,music,True,7579,7579,58,12347693
2016,270,True,music,True,14362,14362,72,12347694
2017,1318,True,music,True,9399,9399,236,12347695
2018,867,True,music,True,6325,6325,158,12347696
2019,1151,True,music,True,5088,5088,534,12347697
2020,291,True,music,True,8149,8149,228,12347698
2021,3046,True,music,True,9420,9420,4718,12347699
2022,487,True,music,True,2347,2347,130,12347700
2023,105,True,music,True,3226,3226,71,12347701
2024,469,True,music,True,2660,2660,72,12347702
2025,618,True,music,True,7749,7749,238,12347703
2026,965,True,music,True,13022,13022,234,12347704
2027,419,True,music,True,7074,7074,138,12347705
2028,1134,True,music,True,5643,5643,98,12347706
2029,389,True,music,True,1571,1571,73,12347707
2030,216,True,music,True,2723,2723,28,12347708
2031,187,True,music,True,2112,2112,86,12347709
2032,17,True,music,True,6550,6550,117,12347710
2033,357,True,music,True,5048,5048,60,12347711
2034,1143,True,music,True,6700,6700,472,12347712
2035,559,True,music,True,1467,1467,98,12347713
2036,526,True,music,True,4864,4864,29,12347714
2037,268,True,music,True,4053,4053,189,12347715
2038,144,True,music,True,8210,8210,461,12347716
2039,2000,True,music,True,4625,4625,389,12347717
2040,1820,True,music,True,10250,10250,201,12347718
2041,1808,True,music,True,14287,14287,123,12347719
2042,2727,True,music,True,9627,9627,863,12347720
2043,673,True,music,True,4599,4599,105,12347721
2044,532,True,music,True,4796,4796,31,12347722
2045,918,True,music,True,4211,4211,39,12347723
2046,1721,True,music,True,3544,3544,370,12347724
2047,1073,True,music,True,5229,5229,363,12347725
2048,1369,True,music,True,8352,8352,1640,12347726
2049,560,True,music,True,4649,4649,205,12347727
2050,137,True,music,True,7142,7142,122,12347728
2051,743,True,music,True,13857,13857,294,12347729
2052,254,True,music,True,42981,42981,1238,12347730
2053,518,True,music,True,11218,11218,3162,12347731
2054,1628,True,music,True,17812,17812,343,12347732
2055,315,True,music,True,9803,9803,492,12347733
2056,30,True,music,True,10403,10403,143,12347734
2057,658,True,music,True,19857,19857,574,12347735
2058,22,True,music,True,5236,5236,112,12347736
2059,361,True,music,True,5959,5959,163,12347737
2060,577,True,music,True,12581,12581,673,12347738
2061,543,True,music,True,2205,2205,120,12347739
2062,246,True,music,True,5882,5882,223,12347740
2063,0,True,music,True,0,0,0,12347741
2064,1964,True,music,True,23106,23106,748,12347742
2065,0,True,music,True,0,0,0,12347743
